match_id,match_date,home_team,away_team,home_score,away_score,result,xg_margin_diff,start_yards_diff,opp_start_allowed_diff
3754339,2015-09-26,Stoke City,AFC Bournemouth,2,1,home_win,-0.12229148023333336,-11.542148139038389,-2.4618879286958517
3753978,2015-09-26,Southampton,Swansea City,3,1,home_win,0.10249175586666626,-1.4224890899635128,0.46515493326637625
3754001,2015-09-26,Newcastle United,Chelsea,2,2,draw,-0.7546898876333333,-9.966735897655951,3.267629804766372
3754008,2015-09-26,Manchester United,Sunderland,3,0,home_win,0.37398925208333345,5.798039621106469,-10.912605969559017
3754174,2015-09-26,Leicester City,Arsenal,2,5,home_loss,-0.5915110206333334,-0.841456542756589,3.1771033776951327
3754212,2015-09-26,Liverpool,Aston Villa,3,2,home_win,0.12686314806666688,8.737352014347195,-1.5377982701391346
3754197,2015-09-26,Tottenham Hotspur,Manchester City,4,1,home_win,-0.5984226635833334,-4.799747529212716,7.101781230360579
3754323,2015-09-26,West Ham United,Norwich City,2,2,draw,-0.019913924266666827,-5.334638004217908,4.1438931294119925
3754266,2015-09-27,Watford,Crystal Palace,0,1,home_loss,-0.3557505229333332,3.0788329224220945,-6.166353537220459
3754105,2015-09-28,West Bromwich Albion,Everton,2,3,home_loss,-0.017761928633333368,0.13234442222490372,1.1878492688678506
3754278,2015-10-03,AFC Bournemouth,Watford,1,1,draw,0.13140027363333318,2.178051748298401,3.5229160078871615
3753995,2015-10-03,Chelsea,Southampton,1,3,home_loss,0.08400702373333369,6.69487315131655,1.770046535633952
3754076,2015-10-03,Sunderland,West Ham United,2,2,draw,-0.90769430135,-5.089547331111312,0.15082496129176093
3754079,2015-10-03,Manchester City,Newcastle United,6,1,home_win,1.4100074310000001,10.828085405422598,-8.588867208029932
3754099,2015-10-03,Crystal Palace,West Bromwich Albion,2,0,home_win,0.22054058811666666,0.13577516045454985,4.610768410491261
3754335,2015-10-03,Norwich City,Leicester City,1,2,home_loss,-0.14561923155,-4.368073083890209,4.275569942987914
3754330,2015-10-03,Aston Villa,Stoke City,0,1,home_loss,0.1821319700166666,-2.0153281290601015,-0.09017829184688964
3754074,2015-10-04,Swansea City,Tottenham Hotspur,2,2,draw,-0.4273281676999998,-2.005152381837,-2.734940035744515
3754060,2015-10-04,Everton,Liverpool,1,1,draw,-0.3444536076666669,-8.774451141318764,4.449777220470288
3754171,2015-10-04,Arsenal,Manchester United,3,0,home_win,0.8124711821499999,0.7246780373498609,8.027323589387741
3754245,2015-10-17,West Bromwich Albion,Sunderland,1,0,home_win,0.13344248854999996,6.8320127226249525,-5.420702706090424
3753999,2015-10-17,Watford,Arsenal,0,3,home_loss,-1.265343350416667,1.500063147849346,3.9105978481772112
3754067,2015-10-17,Crystal Palace,West Ham United,1,3,home_loss,-0.38817123384999963,2.460262821384106,0.6450727393626039
3754115,2015-10-17,Chelsea,Aston Villa,2,0,home_win,0.13607305800000002,10.25664481350406,-2.476203514842176
3754198,2015-10-17,Tottenham Hotspur,Liverpool,0,0,draw,0.2329897388333333,-2.8322120148988787,1.9000309090576977
3754193,2015-10-17,Manchester City,AFC Bournemouth,5,1,home_win,1.0492980261,-0.14252961965776478,-10.904858019726483
3754256,2015-10-17,Everton,Manchester United,0,3,home_loss,-0.40193263428333337,-2.4264043032421156,11.187512996849279
3754302,2015-10-17,Southampton,Leicester City,2,2,draw,-0.03648031499999993,-1.0220975032893094,-3.8438630599710706
3754102,2015-10-18,Newcastle United,Norwich City,6,2,home_win,-0.3746571362000001,-3.9817873694148673,-1.1183215228671344
3754269,2015-10-19,Swansea City,Stoke City,0,1,home_loss,0.15250857698333353,0.45443201724616245,1.9359222254486568
3754091,2015-10-24,Stoke City,Watford,0,2,home_loss,0.16989328538333326,-3.1296851298564903,-6.64450371667845
3754017,2015-10-24,Aston Villa,Swansea City,1,2,home_loss,0.42029249201666674,0.6878568269878684,-1.5140266527328237
3754126,2015-10-24,Arsenal,Everton,2,1,home_win,0.950451555016667,-5.2522006696388175,-0.9604801087059798
3754133,2015-10-24,Norwich City,West Bromwich Albion,0,1,home_loss,0.0774080711166667,-2.7404495480268594,13.063891221752804
3754288,2015-10-24,West Ham United,Chelsea,2,1,home_win,0.5782453402333332,-1.9392026530240685,1.9957253104705046
3754263,2015-10-24,Leicester City,Crystal Palace,1,0,home_win,0.4475348015999998,1.2331947353144344,-5.2098721134644705
3754015,2015-10-25,Manchester United,Manchester City,0,0,draw,-1.237890551416667,-6.539888502491749,-0.549428827229832
3754119,2015-10-25,Sunderland,Newcastle United,3,0,home_win,-0.25653422139999993,-7.03019894911678,1.6630242138202789
3754230,2015-10-25,Liverpool,Southampton,1,1,draw,-0.41650812115000035,3.024015789851184,2.019281737792568
3754234,2015-10-25,AFC Bournemouth,Tottenham Hotspur,1,5,home_loss,-0.5419210600000001,6.106958900910904,2.6937964466677116
3753983,2015-10-31,Swansea City,Arsenal,0,3,home_loss,-1.2695240024666665,-0.3151237486974523,0.5304591779500925
3754006,2015-10-31,West Bromwich Albion,Leicester City,2,3,home_loss,-1.1211082121999998,-0.7037603608507013,0.24874231311991224
3754090,2015-10-31,Newcastle United,Stoke City,0,0,draw,0.49046434633333325,9.371997686637108,4.3693324864051775
3754098,2015-10-31,Chelsea,Liverpool,1,3,home_loss,-0.14157311570000009,-0.9368734808583028,-2.9977855613201
3754167,2015-10-31,Manchester City,Norwich City,2,1,home_win,1.5276123345500001,6.257860572635295,-10.081081804178183
3754223,2015-10-31,Crystal Palace,Manchester United,0,0,draw,-0.2612530808500002,-0.7922388840048598,4.727419330275133
3754273,2015-10-31,Watford,West Ham United,2,0,home_win,-0.8749725192999998,-2.0940841234134098,9.743965258939632
3754082,2015-11-01,Everton,Sunderland,6,2,home_win,0.32652409986666664,2.7961536205654767,-4.753809667485349
3754191,2015-11-01,Southampton,AFC Bournemouth,2,0,home_win,0.5140431855833334,-3.3738162777217156,-10.110798536461438
3754029,2015-11-02,Tottenham Hotspur,Aston Villa,3,1,home_win,0.659591235083333,6.42627911172076,0.5792531508172587
3754293,2015-11-07,Stoke City,Chelsea,1,0,home_win,0.19552119941666657,0.9742887793303865,-0.331110598107621
3754194,2015-11-07,West Ham United,Everton,1,1,draw,0.19482663876666684,-2.027478933006009,-2.586250475497465
3754238,2015-11-07,AFC Bournemouth,Newcastle United,0,1,home_loss,-0.5690221311666666,-3.0234075218195784,2.501461161664011
3754297,2015-11-07,Manchester United,West Bromwich Albion,2,0,home_win,0.17436232220000003,-2.6604073718822363,-1.9112342961628386
3754311,2015-11-07,Norwich City,Swansea City,1,0,home_win,0.13257732251666665,0.8842980516950405,6.245626838232951
3754156,2015-11-07,Leicester City,Watford,2,1,home_win,0.8550104862000001,3.5105298780240517,-6.951484179677685
3754000,2015-11-07,Sunderland,Southampton,0,1,home_loss,-0.35641938080000024,-9.685021226688306,10.720672362988097
3754351,2015-11-08,Liverpool,Crystal Palace,1,2,home_loss,0.03411395591666655,1.3796678918708238,-0.6499872338561161
3754265,2015-11-08,Arsenal,Tottenham Hotspur,1,1,draw,0.3960525031333333,-5.941705830223228,0.9919062811407287
3754258,2015-11-08,Aston Villa,Manchester City,0,0,draw,-1.7081376981500007,-11.300874699727046,4.57166299717602
3753972,2015-11-21,Swansea City,AFC Bournemouth,2,2,draw,-0.16256514833333346,-7.141133034682738,-5.953268481638766
3753996,2015-11-21,Chelsea,Norwich City,1,0,home_win,-0.2897044350333333,-0.1512735252198496,-1.6795529388602048
3754185,2015-11-21,Watford,Manchester United,1,2,home_loss,-0.1425848656166666,-1.9477269882894959,4.172406723875355
3754211,2015-11-21,Newcastle United,Leicester City,0,3,home_loss,-0.5629571931666668,-0.9985207570266184,7.226287038616981
3754208,2015-11-21,Manchester City,Liverpool,1,4,home_loss,1.386192645933333,3.9361740199686253,-0.8443151301020819
3754283,2015-11-21,Everton,Aston Villa,4,0,home_win,0.6839842466333336,3.5285060352372852,-0.45413871173885667
3754301,2015-11-21,West Bromwich Albion,Arsenal,2,1,home_win,-1.1077331527000003,1.2578025827915553,4.545087991404756
3754247,2015-11-21,Southampton,Stoke City,0,1,home_loss,0.39252437505000026,6.3285817282488,-2.9596167808129437
3754109,2015-11-22,Tottenham Hotspur,West Ham United,4,1,home_win,-0.07991650865000022,-2.01020988223312,4.601312948287017
3753979,2015-11-23,Crystal Palace,Sunderland,0,1,home_loss,0.0037387969166666757,8.734989208451971,-11.284654725018747
3754028,2015-11-28,Manchester City,Southampton,3,1,home_win,0.9461633089333339,1.2521163074893877,2.2705801481717742
3754186,2015-11-28,Leicester City,Manchester United,1,1,draw,1.2401906258333333,0.4063616807365307,-2.050513248449711
3754178,2015-11-28,Aston Villa,Watford,2,3,home_loss,-0.46686471583333333,-1.3963412380134912,0.2709703088882591
3754157,2015-11-28,AFC Bournemouth,Everton,3,3,draw,-0.30098680251666665,0.14557053012063648,4.129960455669611
3754150,2015-11-28,Sunderland,Stoke City,2,0,home_win,0.07578140588333349,-1.4225542232458324,6.610541140752957
3754304,2015-11-28,Crystal Palace,Newcastle United,5,1,home_win,-0.2542913866666663,0.7615959150459162,-7.181458793552473
3754047,2015-11-29,Liverpool,Swansea City,1,0,home_win,0.32774589988333325,6.514113508743463,4.511713663421439
3754038,2015-11-29,Norwich City,Arsenal,1,1,draw,-0.7669737347333329,2.3318927356707206,1.1938809669988757
3754093,2015-11-29,Tottenham Hotspur,Chelsea,0,0,draw,0.741915998533333,4.0287439058462695,-1.79797274886635
3754235,2015-11-29,West Ham United,West Bromwich Albion,1,1,draw,0.4360024158499999,-0.7663887072000364,-5.767649101716437
3754160,2015-12-05,Arsenal,Sunderland,3,1,home_win,0.5886563400833333,2.960341144123113,-11.320247956025504
3754135,2015-12-05,Stoke City,Manchester City,2,0,home_win,-1.0812982005833334,-5.148548929787822,2.7486123756536927
3754347,2015-12-05,Manchester United,West Ham United,0,0,draw,-0.29564709698333314,2.872008797744769,3.839046349209859
3754073,2015-12-05,Chelsea,AFC Bournemouth,0,1,home_loss,-0.18388304460000005,-3.481385694110358,0.21992847298479745
3754085,2015-12-05,Swansea City,Leicester City,0,3,home_loss,-0.8294823918333333,-6.383909509376181,-0.08253741270582537
3754113,2015-12-05,Southampton,Aston Villa,1,1,draw,0.4175144503333331,5.089653767939609,-5.024917705440714
3754286,2015-12-05,Watford,Norwich City,2,0,home_win,0.22420277348333317,3.9416623202614574,-3.6295611267598886
3754215,2015-12-05,West Bromwich Albion,Tottenham Hotspur,1,1,draw,-0.604204547283333,-0.6500176884322073,0.894955545126777
3754143,2015-12-06,Newcastle United,Liverpool,2,0,home_win,-0.06940519921666644,-1.2837141840883461,4.908546560588668
3754046,2015-12-07,Everton,Crystal Palace,1,1,draw,0.37965782724999997,-0.8322251261870761,1.439912582941659
3754072,2015-12-12,Sunderland,Watford,0,1,home_loss,-0.18970904841666658,-7.311773979355941,12.44694236686518
3754162,2015-12-12,AFC Bournemouth,Manchester United,2,1,home_win,0.16032416986666687,-2.099362032309294,-2.871056565218275
3754096,2015-12-12,West Ham United,Stoke City,0,0,draw,0.02470892105,-4.616710692135136,-3.5292480353803697
3754218,2015-12-12,Crystal Palace,Southampton,1,0,home_win,-0.5819077816666668,-2.735098574879487,0.4632115016011795
3754328,2015-12-12,Manchester City,Swansea City,2,1,home_win,0.4691926747166665,7.692374135454074,-0.05739529263614429
3754182,2015-12-12,Norwich City,Everton,1,1,draw,-0.7559897829333334,-5.978358129733522,3.6753756639530692
3754117,2015-12-13,Aston Villa,Arsenal,0,2,home_loss,-0.8082373107666668,-5.49580183892099,5.565340338713945
3754255,2015-12-13,Liverpool,West Bromwich Albion,2,2,draw,0.6041689012666664,0.28604599157792165,-2.999856457032756
3754276,2015-12-13,Tottenham Hotspur,Newcastle United,1,2,home_loss,0.38031548091666667,5.4839081756449275,-3.257492279760527
3754013,2015-12-14,Leicester City,Chelsea,2,1,home_win,0.8920642503999997,1.963214167433705,-2.837205001536063
3754136,2015-12-19,Newcastle United,Aston Villa,1,1,draw,-0.03169552473333337,-8.626261042981774,1.9008542765730994
3754025,2015-12-19,Chelsea,Sunderland,3,1,home_win,0.05918153783333313,6.596092133410366,-13.388488675399941
3754153,2015-12-19,Stoke City,Crystal Palace,1,2,home_loss,-0.009683825816666491,-3.483467983851014,4.814727619696768
3754188,2015-12-19,Southampton,Tottenham Hotspur,0,2,home_loss,0.2803748294166666,4.062519848975391,-3.553445594496033
3754166,2015-12-19,Everton,Leicester City,2,3,home_loss,0.03481638508333318,0.5232702429647418,-1.2384964220471417
3754219,2015-12-19,West Bromwich Albion,AFC Bournemouth,1,2,home_loss,-0.4920394665333332,-1.2812210543489897,4.915765092906803
3754044,2015-12-19,Manchester United,Norwich City,1,2,home_loss,0.33157082493333334,4.484403784264188,-1.1097055411951118
3754051,2015-12-20,Watford,Liverpool,3,0,home_win,-0.0528314473,3.322885023565398,3.7479728170847437
3754259,2015-12-20,Swansea City,West Ham United,0,0,draw,-0.17768264029999992,0.8782004898112703,-0.8682440313378024
3754296,2015-12-21,Arsenal,Manchester City,2,1,home_win,0.11461175359999998,-2.0035420339264007,3.7684668829498023
3754309,2015-12-26,Southampton,Arsenal,4,0,home_win,-0.11878241288333324,1.4580080931222597,-8.88609985796127
3754014,2015-12-26,Stoke City,Manchester United,2,0,home_win,0.015877571416667013,-7.195761916468349,6.199891640096176
3753974,2015-12-26,Newcastle United,Everton,0,1,home_loss,-0.7872371689166668,-7.6479997800574395,4.664280257492926
3754057,2015-12-26,Tottenham Hotspur,Norwich City,3,0,home_win,0.3896942020166664,3.044101031747246,1.2772513219145765
3754054,2015-12-26,Manchester City,Sunderland,4,1,home_win,0.0980951125666667,8.481290255993557,-9.127653714789176
3754285,2015-12-26,Aston Villa,West Ham United,1,1,draw,-0.13538781776666675,4.889329612348057,3.8946871839102215
3754279,2015-12-26,Swansea City,West Bromwich Albion,1,0,home_win,0.4946073462499998,-1.5938680713359403,0.9627119536539013
3754287,2015-12-26,Chelsea,Watford,2,2,draw,0.13530010741666665,0.443108583983296,-2.490901163691241
3754343,2015-12-26,Liverpool,Leicester City,1,0,home_win,-0.22161967160000007,2.0682473553347123,-1.2383155460154
3754248,2015-12-26,AFC Bournemouth,Crystal Palace,0,0,draw,0.2845826957833335,-0.1741827386845074,-7.322364324199512
3754056,2015-12-28,Everton,Stoke City,3,4,home_loss,0.25503257950000036,6.483362440757908,-5.992626395315945
3754130,2015-12-28,Norwich City,Aston Villa,2,0,home_win,-0.32735011368333333,-1.877728935274014,-0.4492383871288155
3754291,2015-12-28,Watford,Tottenham Hotspur,1,2,home_loss,0.0848990017500002,3.1888677358125506,-1.573319818782025
3754173,2015-12-28,Arsenal,AFC Bournemouth,2,0,home_win,0.03657440911666665,1.9562206118513998,5.74736204951153
3753998,2015-12-28,West Ham United,Southampton,2,1,home_win,-0.49666280583333366,-6.474736084362235,7.068682012502343
3754019,2015-12-28,Manchester United,Chelsea,0,0,draw,-0.5695071658499999,-3.715281934197371,-0.35282650200215926
3754195,2015-12-28,West Bromwich Albion,Newcastle United,1,0,home_win,-0.36083060300000014,9.310985555685072,-7.382532667052658
3754326,2015-12-28,Crystal Palace,Swansea City,0,0,draw,0.052643675899999964,3.6594553585545953,-0.9962477065531985
3754045,2015-12-29,Leicester City,Manchester City,0,0,draw,0.40796029860000016,-7.70427135935639,3.178762777468016
3754226,2015-12-30,Sunderland,Liverpool,0,1,home_loss,-0.45747287690000005,-4.621502193007601,14.529454507768087
3754058,2016-01-02,Leicester City,AFC Bournemouth,0,0,draw,0.013560720066666754,-0.3557211198326584,4.795124875755228
3754036,2016-01-02,Sunderland,Aston Villa,3,1,home_win,0.13210176318333333,-4.917435481587461,11.127550695543967
3754069,2016-01-02,Arsenal,Newcastle United,1,0,home_win,0.5160802216666666,10.186829813007265,-2.887644267557647
3754101,2016-01-02,Norwich City,Southampton,1,0,home_win,-0.6073029646166667,-5.228630613082942,7.797605327357672
3754122,2016-01-02,West Bromwich Albion,Stoke City,2,1,home_win,-0.5030594075,2.8573345977817866,-4.275805902435188
3754251,2016-01-02,West Ham United,Liverpool,2,0,home_win,-0.25350011306666653,-7.349508398009881,3.531655408288387
3754319,2016-01-02,Manchester United,Swansea City,2,1,home_win,0.4261973626333334,5.044399696594425,-6.539228650120251
3754346,2016-01-02,Watford,Manchester City,1,2,home_loss,0.13890195863333332,-0.01393902134077507,0.2889646073504224
3754114,2016-01-03,Crystal Palace,Chelsea,0,3,home_loss,-0.6416259621999998,-3.8867147021923927,4.363781776763034
3754140,2016-01-03,Everton,Tottenham Hotspur,1,1,draw,0.5839651155833334,0.7913724625784724,-7.715552966197762
3753981,2016-01-12,Aston Villa,Crystal Palace,1,0,home_win,-0.1760253731,2.842732437302253,-4.47417516968784
3754021,2016-01-12,AFC Bournemouth,West Ham United,1,3,home_loss,-0.0668860318500002,0.3887536248503025,-1.7484879249146488
3754088,2016-01-12,Newcastle United,Manchester United,3,3,draw,-0.2610758246499998,-7.504519569242262,7.614124541064996
3754065,2016-01-13,Tottenham Hotspur,Leicester City,0,1,home_loss,-0.4756653609166672,3.8101291039820424,0.4507423989796564
3754032,2016-01-13,Stoke City,Norwich City,3,1,home_win,0.6383070434499997,-5.115346266695099,-1.6963337238196914
3754062,2016-01-13,Chelsea,West Bromwich Albion,2,2,draw,0.723493622033333,2.0781724854037122,0.03984976980625987
3754071,2016-01-13,Swansea City,Sunderland,2,4,home_loss,-0.29168432464999994,1.2709769887343185,-7.048334890217532
3754142,2016-01-13,Manchester City,Everton,0,0,draw,-0.47099600635000005,7.026691177996966,2.2197764658279198
3754183,2016-01-13,Southampton,Watford,2,0,home_win,-0.12417227983333379,-2.6317483184150063,-5.870861400473665
3754305,2016-01-13,Liverpool,Arsenal,3,3,draw,-0.1481666515333333,2.4853964461484637,-3.223302541506037
3754004,2016-01-16,AFC Bournemouth,Norwich City,3,0,home_win,0.1071743053666665,-2.77209558887472,-1.2980616725569618
3754027,2016-01-16,Tottenham Hotspur,Sunderland,4,1,home_win,-0.11617553336666653,6.41439936327842,-7.156975052122803
3754125,2016-01-16,Chelsea,Everton,3,3,draw,0.566634223616667,2.776763277494638,1.5351207899891506
3754168,2016-01-16,Southampton,West Bromwich Albion,3,0,home_win,-0.10113162100000017,4.035091418462308,-2.701654653797405
3754250,2016-01-16,Aston Villa,Leicester City,1,1,draw,-0.5417677386666667,6.614746196502864,-3.2179595177463796
3754260,2016-01-16,Manchester City,Crystal Palace,4,0,home_win,0.4930961722999997,7.475761956515292,-3.419687719193263
3754338,2016-01-16,Newcastle United,West Ham United,2,1,home_win,0.06020372924999995,0.053864531479206335,-1.0441612979068964
3754202,2016-01-17,Stoke City,Arsenal,0,0,draw,-0.10656798046666616,-3.5744987561512076,-0.000882509896449335
3754345,2016-01-17,Liverpool,Manchester United,0,1,home_loss,0.09975209788333328,4.263548355857907,3.472208662258076
3754161,2016-01-18,Swansea City,Watford,1,0,home_win,-0.3887453445666669,-4.252233911085391,-0.6498420362082769
3753975,2016-01-23,Sunderland,AFC Bournemouth,1,1,draw,0.1081497583833333,-5.751836819887153,4.658646854287461
3754084,2016-01-23,West Bromwich Albion,Aston Villa,0,0,draw,0.45855719608333345,0.019150392325499865,-0.11784700195441644
3754110,2016-01-23,West Ham United,Manchester City,2,2,draw,-0.46614884541666646,-9.81327726955675,2.2395968748323014
3754179,2016-01-23,Crystal Palace,Tottenham Hotspur,1,3,home_loss,-0.71573004225,-2.8410085474069433,2.0362702997651
3754200,2016-01-23,Manchester United,Southampton,0,1,home_loss,0.046508806699999905,-3.1505456357564015,0.894104041307628
3754271,2016-01-23,Watford,Newcastle United,2,1,home_win,-0.3740234001999998,2.93627053386394,4.990514420327159
3754341,2016-01-23,Leicester City,Stoke City,3,0,home_win,0.03958981483333335,3.3047888491530557,-0.8713459458408295
3754348,2016-01-23,Norwich City,Liverpool,4,5,home_loss,-0.7470821777833333,-4.8445697510559285,6.276924524847409
3754111,2016-01-24,Arsenal,Chelsea,0,1,home_loss,-0.6828552609833336,-4.506519967974249,1.184889053726664
3754163,2016-01-24,Everton,Swansea City,1,2,home_loss,0.5189313190666667,-2.374354757801889,-3.088560432725714
3753997,2016-02-02,West Ham United,Aston Villa,2,0,home_win,0.3538122686333335,-5.7995256196864275,3.7376080978319166
3754089,2016-02-02,Crystal Palace,AFC Bournemouth,1,2,home_loss,-0.26299858296666667,-2.746798850653647,0.968440133152825
3754094,2016-02-02,Manchester United,Stoke City,3,0,home_win,0.1301061826333333,8.153009042106092,-5.322297797267673
3754095,2016-02-02,Sunderland,Manchester City,0,1,home_loss,-0.5960440743666668,-8.709967427559619,5.504301576416395
3754201,2016-02-02,Arsenal,Southampton,0,0,draw,0.12477535046666643,-9.269352364494374,4.3329680886010635
3754275,2016-02-02,Leicester City,Liverpool,2,0,home_win,-0.1258531770333331,-5.340324211020665,2.0026979177279074
3754317,2016-02-02,Norwich City,Tottenham Hotspur,0,3,home_loss,-0.7268973148499996,0.29529088087701894,5.732409363825546
3754340,2016-02-02,West Bromwich Albion,Swansea City,1,1,draw,0.4101647759000001,-0.0416037460257499,-1.8327072910336355
3754103,2016-02-03,Watford,Chelsea,0,0,draw,-0.5000713972833337,-0.6424163256805002,5.902001078899474
3754252,2016-02-03,Everton,Newcastle United,3,0,home_win,-0.07095475503333315,1.6898561502915612,1.3864113036924763
3754080,2016-02-06,Tottenham Hotspur,Watford,1,0,home_win,0.4293646235999997,0.40444967144918564,-3.574339408488896
3754120,2016-02-06,Southampton,West Ham United,1,0,home_win,-0.5404445028333335,6.590607357914003,-5.722745999007309
3754127,2016-02-06,Stoke City,Everton,0,3,home_loss,-0.6580581411666666,1.2361389344431188,1.617877764535919
3754290,2016-02-06,Manchester City,Leicester City,1,3,home_loss,-0.08126437413333365,-0.36104126041646367,4.169322176788505
3754292,2016-02-06,Newcastle United,West Bromwich Albion,1,0,home_win,-0.17362866980000025,-5.287431640035059,0.1725464814082187
3754303,2016-02-06,Swansea City,Crystal Palace,1,1,draw,0.0016486182666667348,2.2766353522504517,0.5669153624205663
3754306,2016-02-06,Aston Villa,Norwich City,2,0,home_win,-0.34710281350000016,-0.1281716818654104,-2.5041476019397066
3754316,2016-02-06,Liverpool,Sunderland,2,2,draw,0.2417772578666666,7.653170765411133,-4.918159537347194
3754253,2016-02-07,AFC Bournemouth,Arsenal,0,2,home_loss,-0.4833235345333333,4.233323524078173,-0.5032734441647548
3754281,2016-02-07,Chelsea,Manchester United,1,1,draw,0.1375236959666668,-4.513229229854055,-1.4084475875804543
3754039,2016-02-13,Crystal Palace,Watford,1,2,home_loss,0.06578483106666655,-0.623133555398006,-0.36431696003820235
3754031,2016-02-13,Sunderland,Manchester United,2,1,home_win,-0.20756490206666656,-5.500235897440469,0.05082760794476826
3754139,2016-02-13,Swansea City,Southampton,0,1,home_loss,0.21863012883333344,-3.8944441276628226,1.714060050248733
3754244,2016-02-13,Norwich City,West Ham United,2,2,draw,-0.3677629910833333,4.310761658444029,0.5542027953285071
3754264,2016-02-13,Chelsea,Newcastle United,5,1,home_win,0.12629545043333334,2.6751149791318767,0.2510171752190473
3754274,2016-02-13,AFC Bournemouth,Stoke City,1,3,home_loss,0.2910387125666668,3.0214494329804538,-0.45825843867320515
3754350,2016-02-13,Everton,West Bromwich Albion,0,1,home_loss,0.33292893533333334,-6.345279544069832,5.438508979753344
3754147,2016-02-14,Manchester City,Tottenham Hotspur,1,2,home_loss,-0.49376655145000026,-1.700118131517108,8.335869506329992
3754214,2016-02-14,Aston Villa,Liverpool,0,6,home_loss,-0.6698770593333335,1.5329041549627007,2.527705024560312
3754261,2016-02-14,Arsenal,Leicester City,2,1,home_win,-0.2437871907166671,-2.9279315431149016,4.372870027229929
3754049,2016-02-27,Leicester City,Norwich City,1,0,home_win,0.28328175075000006,-9.107674275268565,0.33027563008578653
3754012,2016-02-27,Southampton,Chelsea,1,2,home_loss,-0.5563706074666667,4.099062530097257,0.6047114282420409
3754121,2016-02-27,Watford,AFC Bournemouth,0,0,draw,-0.1231788375333337,-3.5131268263093176,-3.102736208371745
3754236,2016-02-27,West Bromwich Albion,Crystal Palace,3,2,home_win,-0.027141052066666504,-1.611523135961768,-0.665498977466001
3754321,2016-02-27,Stoke City,Aston Villa,2,1,home_win,0.19348540611666687,-7.654088070419618,3.3742980545268253
3754331,2016-02-27,West Ham United,Sunderland,1,0,home_win,0.17689903799999995,6.449391834317751,-1.9702783114789568
3754239,2016-02-28,Manchester United,Arsenal,3,2,home_win,-0.38907054249999984,2.8899672811525576,0.7264269413834086
3754324,2016-02-28,Tottenham Hotspur,Swansea City,2,1,home_win,0.6734865450166669,-4.3104416132559535,-0.9301203534294231
3754050,2016-03-01,Sunderland,Crystal Palace,2,2,draw,-0.08360304683333342,-2.2001281393638052,0.7063077963153717
3754231,2016-03-01,Leicester City,West Bromwich Albion,2,2,draw,0.5635737349999997,3.9890590502801118,0.18789925163211052
3754280,2016-03-01,Norwich City,Chelsea,1,2,home_loss,-0.4734002180833332,3.901678238455297,5.286476098230175
3754327,2016-03-01,Aston Villa,Everton,1,3,home_loss,-1.1981227990833334,11.114135875197988,-0.10001395871205432
3754334,2016-03-01,AFC Bournemouth,Southampton,2,0,home_win,0.28254091606666676,-0.7341069449633864,-1.4921760345724238
3753976,2016-03-02,Arsenal,Swansea City,1,2,home_loss,0.24511698628333356,1.5133331998758806,0.9011452853762876
3753991,2016-03-02,Liverpool,Manchester City,3,0,home_win,-0.04075827623333339,3.3316272405477605,-3.787796519142617
3754005,2016-03-02,Stoke City,Newcastle United,1,0,home_win,-0.39432666803333316,0.7959392867472275,4.751802920435836
3754232,2016-03-02,Manchester United,Watford,1,0,home_win,-0.1609781687666666,0.7972250119125093,4.823887127522056
3754349,2016-03-02,West Ham United,Tottenham Hotspur,1,0,home_win,-0.8305990717333336,0.6595735339748927,6.694249375190836
3754061,2016-03-05,Chelsea,Stoke City,1,1,draw,0.48022015188333333,-1.4511331237691323,-2.0436725133913214
3754151,2016-03-05,Swansea City,Norwich City,1,0,home_win,0.10615835408333307,-7.049030578810104,-0.26308294503800056
3754164,2016-03-05,Southampton,Sunderland,1,1,draw,-0.27430039358333347,4.892725647278496,4.039184604639786
3754177,2016-03-05,Newcastle United,AFC Bournemouth,1,3,home_loss,0.17965126293333333,-6.673688792468852,2.0650645141153774
3754249,2016-03-05,Manchester City,Aston Villa,4,0,home_win,0.8263322686666665,-5.215103685621251,0.0026456460628807577
3754277,2016-03-05,Everton,West Ham United,2,3,home_loss,0.6425665507499998,-7.0362454951365265,1.237528404665312
3754289,2016-03-05,Watford,Leicester City,0,1,home_loss,-0.58437847375,-1.5008803203583199,-3.4464948474373003
3754318,2016-03-05,Tottenham Hotspur,Arsenal,2,2,draw,0.2792155711666666,-7.904324271645571,-1.6302756378777445
3754081,2016-03-06,West Bromwich Albion,Manchester United,1,0,home_win,0.1858560133999998,-5.257889900456213,-1.7845848090573426
3754220,2016-03-06,Crystal Palace,Liverpool,1,2,home_loss,-0.36008553043333325,-5.344742654837624,-0.7044008033733249
3753988,2016-03-12,AFC Bournemouth,Swansea City,3,2,home_win,-0.3119663427666668,4.5886644804034376,-4.968907327336495
3754196,2016-03-12,Stoke City,Southampton,1,2,home_loss,0.2843095948666666,0.5513092148027994,-0.8816380407632209
3754313,2016-03-12,Norwich City,Manchester City,0,0,draw,-0.538067337633333,6.931799389395728,4.537739378936067
3754053,2016-03-13,Aston Villa,Tottenham Hotspur,0,2,home_loss,-1.4429540716666667,4.542205117903514,5.4802586714202945
3754002,2016-03-14,Leicester City,Newcastle United,1,0,home_win,0.7643151338833334,4.730235976732459,-0.3060057393266149
3754052,2016-03-19,West Bromwich Albion,Norwich City,0,1,home_loss,0.35121634396666657,-11.402034449807758,-2.7203332016197947
3753973,2016-03-19,Chelsea,West Ham United,2,2,draw,-0.06329692214999971,-1.0316434862828245,1.463012690622243
3753977,2016-03-19,Watford,Stoke City,1,2,home_loss,-0.2275552565333333,-3.5254850573473036,-3.927531849283781
3753980,2016-03-19,Everton,Arsenal,0,2,home_loss,0.45742945601666607,-9.414013056189617,5.063448361965911
3754181,2016-03-19,Crystal Palace,Leicester City,0,1,home_loss,-0.48653540863333333,-2.6886786936022133,-2.248532169992025
3754224,2016-03-19,Swansea City,Aston Villa,1,0,home_win,0.593856139916667,-1.5231670210433705,1.7011891076656198
3754043,2016-03-20,Tottenham Hotspur,AFC Bournemouth,3,0,home_win,0.9793499090500001,-5.809002925263101,-1.2732742909151114
3754064,2016-03-20,Southampton,Liverpool,3,2,home_win,-0.71403183775,-0.10102698102227237,5.976653394322774
3754100,2016-03-20,Newcastle United,Sunderland,1,1,draw,-0.1712606908833335,-2.4236357512111653,2.388076073272728
3754124,2016-03-20,Manchester City,Manchester United,0,1,home_loss,0.3641882066666663,-2.243308502885178,-4.992830983681856
3754175,2016-04-02,Sunderland,West Bromwich Albion,0,0,draw,0.15870249891666655,0.3434601921973979,-5.340679550511055
3754075,2016-04-02,Aston Villa,Chelsea,0,4,home_loss,-0.9965906942499998,-1.8131199419750317,-2.695964920445846
3754087,2016-04-02,Liverpool,Tottenham Hotspur,1,1,draw,-0.19409836688333337,-1.6831319754234713,3.643222690058309
3754118,2016-04-02,Arsenal,Watford,4,0,home_win,0.5278522131500003,10.331400242010865,-7.625982714961026
3754144,2016-04-02,AFC Bournemouth,Manchester City,0,4,home_loss,-0.7235460258833332,-0.4269287230689969,-0.5289494816727967
3754176,2016-04-02,West Ham United,Crystal Palace,2,2,draw,0.18216092016666685,3.7566460942166273,-0.14203471772555076
3754243,2016-04-02,Norwich City,Newcastle United,3,2,home_win,-0.3124392994166666,15.1546680102405,0.08731511109794354
3754272,2016-04-02,Stoke City,Swansea City,2,2,draw,0.2702581693666668,3.5774228246613973,0.5527103628062306
3753982,2016-04-03,Leicester City,Southampton,1,0,home_win,0.5484804108666668,0.1696296862148472,-6.5351694094097255
3754299,2016-04-03,Manchester United,Everton,1,0,home_win,-1.2297823050833336,7.945514566032259,-0.1891046328993582
3754016,2016-04-09,Southampton,Newcastle United,3,1,home_win,-0.23856411071666683,10.073294639895032,-0.03631442951726882
3754022,2016-04-09,Crystal Palace,Norwich City,1,0,home_win,0.2621615745499998,-13.606502243321607,-0.1534195882517082
3754030,2016-04-09,Watford,Everton,1,1,draw,-0.45845230000000015,0.7789081443893195,0.9931178835724381
3754035,2016-04-09,Manchester City,West Bromwich Albion,2,1,home_win,0.7382223731666667,3.74403258607898,-5.952438470402569
3754116,2016-04-09,Swansea City,Chelsea,1,0,home_win,-0.7059412532833332,0.10210440767579598,2.638269079827701
3754241,2016-04-09,West Ham United,Arsenal,3,3,draw,-0.49631976558333357,-5.292445270628761,5.9957226546315425
3754262,2016-04-09,Aston Villa,AFC Bournemouth,1,2,home_loss,-0.04508317476666668,-0.8723617916785997,-4.212126487983362
3753986,2016-04-10,Liverpool,Stoke City,4,1,home_win,0.4169021419666661,-5.993193332653192,-5.548942613354967
3754152,2016-04-10,Sunderland,Leicester City,0,2,home_loss,-0.18024915325000013,-2.9951414321684737,0.5975067021551297
3754209,2016-04-10,Tottenham Hotspur,Manchester United,3,0,home_win,1.1798882176166665,-5.038900967343579,-3.712076689217902
3754048,2016-04-13,Crystal Palace,Everton,0,0,draw,-0.13339499368333319,-0.15159805549297545,-1.1191266563308346
3754024,2016-04-16,Newcastle United,Swansea City,3,0,home_win,0.0958734980499999,-10.453204472529372,4.214230583407726
3754137,2016-04-16,Everton,Southampton,1,1,draw,-0.08285240881666689,-6.741045209358596,3.886956949949983
3754155,2016-04-16,West Bromwich Albion,Watford,0,1,home_loss,-0.10253826008333322,11.271230331284563,0.5876969079175112
3754172,2016-04-16,Norwich City,Sunderland,0,3,home_loss,-0.25055251340000007,7.927650021286503,0.5206826527903274
3754295,2016-04-16,Manchester United,Aston Villa,1,0,home_win,-0.23540631683333324,6.189265744260744,4.3703030897862405
3754322,2016-04-16,Chelsea,Manchester City,0,3,home_loss,0.15953070475000009,-6.027387437395795,-0.15790536149319934
3754009,2016-04-17,Arsenal,Crystal Palace,1,1,draw,0.18520452598333326,10.382657936400605,-1.8860916753748924
3754216,2016-04-17,AFC Bournemouth,Liverpool,1,2,home_loss,-0.9362614698166668,3.433638599993003,-0.03498382050531035
3754227,2016-04-17,Leicester City,West Ham United,2,2,draw,0.4504219079166669,-1.0433484327195401,-3.4072405407408084
3754187,2016-04-18,Stoke City,Tottenham Hotspur,0,4,home_loss,-0.6401976597166665,3.6081052463985515,3.9348352502366595
3754206,2016-04-19,Newcastle United,Manchester City,1,1,draw,-0.7079934248166666,-11.110614982225222,3.142796060833682
3754086,2016-04-20,West Ham United,Watford,3,1,home_win,0.5217344014166665,11.665451146780413,-4.030455972408362
3754294,2016-04-20,Liverpool,Everton,4,0,home_win,0.820300621716667,2.6744343061369378,-3.2628113837266284
3754310,2016-04-20,Manchester United,Crystal Palace,2,0,home_win,-0.5328617046833333,8.011729676457556,-2.9972267053269874
3754284,2016-04-21,Arsenal,West Bromwich Albion,2,0,home_win,0.6596397248333332,0.9165666137871753,-6.931551566129357
3754154,2016-04-23,Liverpool,Newcastle United,2,2,draw,0.9971162493000001,3.2705645996279245,-5.554358664163303
3754242,2016-04-23,AFC Bournemouth,Chelsea,1,4,home_loss,-0.6651103452333331,-0.8306613310308109,5.441380598168486
3754282,2016-04-23,Aston Villa,Southampton,2,4,home_loss,-0.45615630305,-6.872150928316458,-0.8682425323031353
3754307,2016-04-23,Manchester City,Stoke City,4,0,home_win,0.4472638074166667,2.8938383128700735,-0.15780014176115742
3753990,2016-04-24,Sunderland,Arsenal,0,0,draw,-0.45258737633333346,-4.07378163561296,3.7549988615417362
3754228,2016-04-24,Leicester City,Swansea City,4,0,home_win,0.5301135947833334,-1.887400347400046,-2.637977910800295
3754332,2016-04-25,Tottenham Hotspur,West Bromwich Albion,1,1,draw,1.0052532630500004,-5.423434289089329,-6.728765746198185
3754037,2016-04-30,Everton,AFC Bournemouth,2,1,home_win,-0.39327740163333325,-4.60999802283191,-0.7181519770031031
3754063,2016-04-30,Watford,Aston Villa,3,2,home_win,-0.14098047891666665,0.18754669984765115,4.256705960378433
3754132,2016-04-30,Stoke City,Sunderland,1,1,draw,-0.1697553270833334,-2.9374491131291904,-2.2460226860671213
3754170,2016-04-30,Newcastle United,Crystal Palace,1,0,home_win,-0.20249014750000016,-1.3691677543573846,2.400332371749016
3754184,2016-04-30,Arsenal,Norwich City,1,0,home_win,0.8656425479333334,2.9034250769493894,-8.735859260215143
3754192,2016-04-30,West Bromwich Albion,West Ham United,0,3,home_loss,-0.8785651765000001,-0.8463251779035801,2.305300957961343
3754018,2016-05-01,Swansea City,Liverpool,3,1,home_win,-0.8702977769333334,2.8888195135792643,0.5141342805560569
3754165,2016-05-01,Manchester United,Leicester City,1,1,draw,-0.7488875616666668,4.6998467810237585,-3.2590488081908973
3754320,2016-05-01,Southampton,Manchester City,4,2,home_win,-0.2593492387166665,-3.116933335889051,-4.931848478066655
3754092,2016-05-02,Chelsea,Tottenham Hotspur,2,2,draw,-0.19592084023333367,3.3687957600104497,-5.1530297112105075
3754026,2016-05-07,Crystal Palace,Stoke City,2,1,home_win,0.34177060013333327,-1.4589862146057229,-2.800228882328497
3754033,2016-05-07,Leicester City,Everton,3,1,home_win,1.0532541546999998,5.710497653878129,0.7727987879703377
3754070,2016-05-07,Aston Villa,Newcastle United,0,0,draw,0.10367728790000008,-0.39452567678172556,-4.321525346575683
3754108,2016-05-07,Sunderland,Chelsea,3,2,home_win,-0.32651664866666685,2.4897776768141284,7.640188765440847
3754158,2016-05-07,West Ham United,Swansea City,1,4,home_loss,0.6390108758333335,-0.07729432851463258,6.959094623768401
3754210,2016-05-07,Norwich City,Manchester United,0,1,home_loss,-0.04921646483333342,1.6204707852429578,11.102507386639388
3754225,2016-05-07,AFC Bournemouth,West Bromwich Albion,1,1,draw,-0.08443888449999981,-5.579544679138522,1.5778605621769302
3753992,2016-05-08,Tottenham Hotspur,Southampton,1,2,home_loss,-0.0788160536333331,-4.040680801358427,6.59364724923357
3754314,2016-05-08,Manchester City,Arsenal,2,2,draw,0.07723276074999985,-7.922407000691713,5.25364282530203
3754342,2016-05-08,Liverpool,Watford,2,0,home_win,0.8449792995333336,2.1234792058551477,-5.699896930492741
3754134,2016-05-10,West Ham United,Manchester United,3,2,home_win,0.8214005661000001,-0.45412791034262057,8.518772468983222
3754055,2016-05-11,Liverpool,Chelsea,1,1,draw,0.6612531880666668,2.775040599947097,0.13701612647828654
3753989,2016-05-11,Sunderland,Everton,3,0,home_win,0.5621747789499999,9.871386375248228,2.622329825896074
3754207,2016-05-11,Norwich City,Watford,4,2,home_win,0.0903973989500001,4.088705519056887,6.942515191236417
3754041,2016-05-15,Arsenal,Aston Villa,4,0,home_win,0.5896614560333333,13.224966941750765,-3.119506887768111
3754042,2016-05-15,West Bromwich Albion,Liverpool,1,1,draw,-0.7619847389499996,1.5483312156736062,6.51001316743838
3753994,2016-05-15,Southampton,Crystal Palace,4,1,home_win,0.6335230264833334,1.4243476817659015,-3.0600912949536507
3754123,2016-05-15,Everton,Norwich City,3,0,home_win,-0.5460485971333332,-8.264004182247682,-1.0787121523924412
3754149,2016-05-15,Swansea City,Manchester City,1,1,draw,-0.2814403548333333,0.2291592034218013,-4.118071275126681
3754199,2016-05-15,Stoke City,West Ham United,2,1,home_win,-1.1889401519999998,-7.883444435444261,3.3066464477629225
3754229,2016-05-15,Chelsea,Leicester City,1,1,draw,-1.06854992695,-1.961376788126877,-4.549157703423312
3754308,2016-05-15,Watford,Sunderland,2,2,draw,-0.03064634556666679,-6.197611553761718,-0.9495813398611475
3754333,2016-05-15,Newcastle United,Tottenham Hotspur,5,1,home_win,-1.4363806003333335,-1.010007480040528,5.982190760170809
3754159,2016-05-17,Manchester United,AFC Bournemouth,3,1,home_win,-0.10023757866666638,0.53248743733824,-6.552086182880458
