match_id,match_date,home_team,away_team,home_score,away_score,result,xg_margin_diff,start_yards_diff,opp_start_allowed_diff,predicted_result,prob_home_win,prob_draw,prob_home_loss
3754339,2015-09-26,Stoke City,AFC Bournemouth,2,1,home_win,-0.12229148023333336,-11.542148139038389,-2.4618879286958517,draw,0.31539558814968827,0.45116567294160015,0.23343873890871167
3753978,2015-09-26,Southampton,Swansea City,3,1,home_win,0.10249175586666626,-1.4224890899635128,0.46515493326637625,home_win,0.44396069930832227,0.29778864546880685,0.2582506552228709
3754001,2015-09-26,Newcastle United,Chelsea,2,2,draw,-0.7546898876333333,-9.966735897655951,3.267629804766372,home_loss,0.20779085128087993,0.3707026079206785,0.4215065407984416
3754008,2015-09-26,Manchester United,Sunderland,3,0,home_win,0.37398925208333345,5.798039621106469,-10.912605969559017,home_win,0.6466007538152855,0.23614949498750604,0.11724975119720858
3754174,2015-09-26,Leicester City,Arsenal,2,5,home_loss,-0.5915110206333334,-0.841456542756589,3.1771033776951327,home_loss,0.2992596654250849,0.27440643098329126,0.42633390359162376
3754212,2015-09-26,Liverpool,Aston Villa,3,2,home_win,0.12686314806666688,8.737352014347195,-1.5377982701391346,home_win,0.5699623513349287,0.19681419643703663,0.23322345222803462
3754197,2015-09-26,Tottenham Hotspur,Manchester City,4,1,home_win,-0.5984226635833334,-4.799747529212716,7.101781230360579,home_loss,0.2387165208039243,0.2839335419556949,0.4773499372403808
3754323,2015-09-26,West Ham United,Norwich City,2,2,draw,-0.019913924266666827,-5.334638004217908,4.1438931294119925,home_win,0.35392110525971104,0.3252308063485838,0.3208480883917052
3754266,2015-09-27,Watford,Crystal Palace,0,1,home_loss,-0.3557505229333332,3.0788329224220945,-6.166353537220459,home_win,0.45664681703112076,0.2871836295538676,0.2561695534150116
3754105,2015-09-28,West Bromwich Albion,Everton,2,3,home_loss,-0.017761928633333368,0.13234442222490372,1.1878492688678506,home_win,0.43161203946121285,0.27853451807772067,0.2898534424610664
3754278,2015-10-03,AFC Bournemouth,Watford,1,1,draw,0.13140027363333318,2.178051748298401,3.5229160078871615,home_win,0.4610518012597906,0.2427519452467992,0.2961962534934102
3753995,2015-10-03,Chelsea,Southampton,1,3,home_loss,0.08400702373333369,6.69487315131655,1.770046535633952,home_win,0.5113845531023592,0.20620262095708738,0.2824128259405535
3754076,2015-10-03,Sunderland,West Ham United,2,2,draw,-0.90769430135,-5.089547331111312,0.15082496129176093,home_loss,0.23942301926326354,0.3366075284743286,0.42396945226240784
3754079,2015-10-03,Manchester City,Newcastle United,6,1,home_win,1.4100074310000001,10.828085405422598,-8.588867208029932,home_win,0.8181419818538744,0.12920231413410554,0.052655704012020056
3754099,2015-10-03,Crystal Palace,West Bromwich Albion,2,0,home_win,0.22054058811666666,0.13577516045454985,4.610768410491261,home_win,0.448952187983677,0.2578659251298328,0.2931818868864902
3754335,2015-10-03,Norwich City,Leicester City,1,2,home_loss,-0.14561923155,-4.368073083890209,4.275569942987914,home_loss,0.33961910282333324,0.3124656896581081,0.3479152075185587
3754330,2015-10-03,Aston Villa,Stoke City,0,1,home_loss,0.1821319700166666,-2.0153281290601015,-0.09017829184688964,home_win,0.4564153920064865,0.3053990220945446,0.23818558589896888
3754074,2015-10-04,Swansea City,Tottenham Hotspur,2,2,draw,-0.4273281676999998,-2.005152381837,-2.734940035744515,home_win,0.36506401448132353,0.3304327889228843,0.3045031965957922
3754060,2015-10-04,Everton,Liverpool,1,1,draw,-0.3444536076666669,-8.774451141318764,4.449777220470288,home_loss,0.26752782621590726,0.3604990901622098,0.37197308362188297
3754171,2015-10-04,Arsenal,Manchester United,3,0,home_win,0.8124711821499999,0.7246780373498609,8.027323589387741,home_win,0.5419668720844396,0.22357443923036854,0.23445868868519182
3754245,2015-10-17,West Bromwich Albion,Sunderland,1,0,home_win,0.13344248854999996,6.8320127226249525,-5.420702706090424,home_win,0.5831424071188497,0.22594511701946668,0.19091247586168372
3753999,2015-10-17,Watford,Arsenal,0,3,home_loss,-1.265343350416667,1.500063147849346,3.9105978481772112,home_loss,0.19961735309630013,0.22093675283424455,0.5794458940694552
3754067,2015-10-17,Crystal Palace,West Ham United,1,3,home_loss,-0.38817123384999963,2.460262821384106,0.6450727393626039,home_win,0.38695583241710707,0.25887514663659456,0.3541690209462984
3754115,2015-10-17,Chelsea,Aston Villa,2,0,home_win,0.13607305800000002,10.25664481350406,-2.476203514842176,home_win,0.5945810275119349,0.18528744828867832,0.22013152419938675
3754198,2015-10-17,Tottenham Hotspur,Liverpool,0,0,draw,0.2329897388333333,-2.8322120148988787,1.9000309090576977,home_win,0.4423707341923238,0.30457705773310245,0.25305220807457374
3754193,2015-10-17,Manchester City,AFC Bournemouth,5,1,home_win,1.0492980261,-0.14252961965776478,-10.904858019726483,home_win,0.6752995472242476,0.2572082717628497,0.06749218101290276
3754256,2015-10-17,Everton,Manchester United,0,3,home_loss,-0.40193263428333337,-2.4264043032421156,11.187512996849279,home_loss,0.25275607446410586,0.23493212731754295,0.5123117982183512
3754302,2015-10-17,Southampton,Leicester City,2,2,draw,-0.03648031499999993,-1.0220975032893094,-3.8438630599710706,home_win,0.45394543320742964,0.3169589587774829,0.22909560801508744
3754102,2015-10-18,Newcastle United,Norwich City,6,2,home_win,-0.3746571362000001,-3.9817873694148673,-1.1183215228671344,draw,0.3433354267185194,0.3439708434125024,0.31269372986897825
3754269,2015-10-19,Swansea City,Stoke City,0,1,home_loss,0.15250857698333353,0.45443201724616245,1.9359222254486568,home_win,0.46153724220355025,0.26810893142696424,0.27035382636948546
3754091,2015-10-24,Stoke City,Watford,0,2,home_loss,0.16989328538333326,-3.1296851298564903,-6.64450371667845,home_win,0.4827914967366667,0.3470355414604961,0.1701729618028371
3754017,2015-10-24,Aston Villa,Swansea City,1,2,home_loss,0.42029249201666674,0.6878568269878684,-1.5140266527328237,home_win,0.5404249977708443,0.2696562446765258,0.1899187575526299
3754126,2015-10-24,Arsenal,Everton,2,1,home_win,0.950451555016667,-5.2522006696388175,-0.9604801087059798,home_win,0.5575188264801566,0.3121224185284077,0.13035875499143565
3754133,2015-10-24,Norwich City,West Bromwich Albion,0,1,home_loss,0.0774080711166667,-2.7404495480268594,13.063891221752804,home_loss,0.3186088203752631,0.2380835841781985,0.44330759544653847
3754288,2015-10-24,West Ham United,Chelsea,2,1,home_win,0.5782453402333332,-1.9392026530240685,1.9957253104705046,home_win,0.5153210670731665,0.2819360071705789,0.2027429257562546
3754263,2015-10-24,Leicester City,Crystal Palace,1,0,home_win,0.4475348015999998,1.2331947353144344,-5.2098721134644705,home_win,0.5748990249395427,0.27237880502583856,0.15272217003461871
3754015,2015-10-25,Manchester United,Manchester City,0,0,draw,-1.237890551416667,-6.539888502491749,-0.549428827229832,home_loss,0.18934212134471032,0.3443676477999724,0.4662902308553173
3754119,2015-10-25,Sunderland,Newcastle United,3,0,home_win,-0.25653422139999993,-7.03019894911678,1.6630242138202789,draw,0.3151814864968351,0.3626171384435373,0.3222013750596275
3754230,2015-10-25,Liverpool,Southampton,1,1,draw,-0.41650812115000035,3.024015789851184,2.019281737792568,home_loss,0.37377297856153785,0.24494103046788807,0.38128599097057403
3754234,2015-10-25,AFC Bournemouth,Tottenham Hotspur,1,5,home_loss,-0.5419210600000001,6.106958900910904,2.6937964466677116,home_loss,0.3677318159636514,0.21079105401673295,0.4214771300196156
3753983,2015-10-31,Swansea City,Arsenal,0,3,home_loss,-1.2695240024666665,-0.3151237486974523,0.5304591779500925,home_loss,0.21436946109458593,0.2662429836869013,0.5193875552185127
3754006,2015-10-31,West Bromwich Albion,Leicester City,2,3,home_loss,-1.1211082121999998,-0.7037603608507013,0.24874231311991224,home_loss,0.2362992172745285,0.2792543479446891,0.4844464347807823
3754090,2015-10-31,Newcastle United,Stoke City,0,0,draw,0.49046434633333325,9.371997686637108,4.3693324864051775,home_win,0.5942258182225995,0.1650988724795361,0.24067530929786454
3754098,2015-10-31,Chelsea,Liverpool,1,3,home_loss,-0.14157311570000009,-0.9368734808583028,-2.9977855613201,home_win,0.4297125691995557,0.31476238248267613,0.25552504831776823
3754167,2015-10-31,Manchester City,Norwich City,2,1,home_win,1.5276123345500001,6.257860572635295,-10.081081804178183,home_win,0.7964651140254686,0.15865293498658753,0.044881950987943904
3754223,2015-10-31,Crystal Palace,Manchester United,0,0,draw,-0.2612530808500002,-0.7922388840048598,4.727419330275133,home_loss,0.34625296897690316,0.2686363467674664,0.3851106842556305
3754273,2015-10-31,Watford,West Ham United,2,0,home_win,-0.8749725192999998,-2.0940841234134098,9.743965258939632,home_loss,0.19351540322809363,0.22285069398237792,0.5836339027895284
3754082,2015-11-01,Everton,Sunderland,6,2,home_win,0.32652409986666664,2.7961536205654767,-4.753809667485349,home_win,0.5690667929332918,0.2593004882803511,0.17163271878635702
3754191,2015-11-01,Southampton,AFC Bournemouth,2,0,home_win,0.5140431855833334,-3.3738162777217156,-10.110798536461438,home_win,0.5526619904124992,0.33861318815779134,0.10872482142970946
3754029,2015-11-02,Tottenham Hotspur,Aston Villa,3,1,home_win,0.659591235083333,6.42627911172076,0.5792531508172587,home_win,0.6299159044150363,0.1935063909047819,0.17657770468018172
3754293,2015-11-07,Stoke City,Chelsea,1,0,home_win,0.19552119941666657,0.9742887793303865,-0.331110598107621,home_win,0.4933314033809351,0.27075575550367187,0.23591284111539304
3754194,2015-11-07,West Ham United,Everton,1,1,draw,0.19482663876666684,-2.027478933006009,-2.586250475497465,home_win,0.47579768890100105,0.31589973097262847,0.2083025801263705
3754238,2015-11-07,AFC Bournemouth,Newcastle United,0,1,home_loss,-0.5690221311666666,-3.0234075218195784,2.501461161664011,home_loss,0.29150506216597255,0.30371613992962576,0.4047787979044017
3754297,2015-11-07,Manchester United,West Bromwich Albion,2,0,home_win,0.17436232220000003,-2.6604073718822363,-1.9112342961628386,home_win,0.4603905377509104,0.3217712235068232,0.21783823874226635
3754311,2015-11-07,Norwich City,Swansea City,1,0,home_win,0.13257732251666665,0.8842980516950405,6.245626838232951,home_win,0.42401268282547544,0.24295578859055003,0.3330315285839745
3754156,2015-11-07,Leicester City,Watford,2,1,home_win,0.8550104862000001,3.5105298780240517,-6.951484179677685,home_win,0.6750825414100857,0.22511530880535635,0.09980214978455791
3754000,2015-11-07,Sunderland,Southampton,0,1,home_loss,-0.35641938080000024,-9.685021226688306,10.720672362988097,home_loss,0.2173701068917593,0.31408209290751293,0.4685478002007277
3754351,2015-11-08,Liverpool,Crystal Palace,1,2,home_loss,0.03411395591666655,1.3796678918708238,-0.6499872338561161,home_win,0.46939654223561905,0.27207286196370456,0.2585305958006764
3754265,2015-11-08,Arsenal,Tottenham Hotspur,1,1,draw,0.3960525031333333,-5.941705830223228,0.9919062811407287,home_win,0.4433041119191742,0.34293175165599793,0.21376413642482786
3754258,2015-11-08,Aston Villa,Manchester City,0,0,draw,-1.7081376981500007,-11.300874699727046,4.57166299717602,home_loss,0.096947729992999,0.30394692162727294,0.5991053483797281
3753972,2015-11-21,Swansea City,AFC Bournemouth,2,2,draw,-0.16256514833333346,-7.141133034682738,-5.953268481638766,draw,0.37548744522951993,0.41229862183795807,0.21221393293252186
3753996,2015-11-21,Chelsea,Norwich City,1,0,home_win,-0.2897044350333333,-0.1512735252198496,-1.6795529388602048,home_win,0.4004887650331574,0.30080099515602865,0.29871023981081407
3754185,2015-11-21,Watford,Manchester United,1,2,home_loss,-0.1425848656166666,-1.9477269882894959,4.172406723875355,home_win,0.36298721724196187,0.2855973602719627,0.35141542248607543
3754211,2015-11-21,Newcastle United,Leicester City,0,3,home_loss,-0.5629571931666668,-0.9985207570266184,7.226287038616981,home_loss,0.26872365618781024,0.246242005805413,0.4850343380067767
3754208,2015-11-21,Manchester City,Liverpool,1,4,home_loss,1.386192645933333,3.9361740199686253,-0.8443151301020819,home_win,0.7273452696021826,0.18189493144165678,0.0907597989561605
3754283,2015-11-21,Everton,Aston Villa,4,0,home_win,0.6839842466333336,3.5285060352372852,-0.45413871173885667,home_win,0.6116043323154279,0.22320114394368418,0.16519452374088797
3754301,2015-11-21,West Bromwich Albion,Arsenal,2,1,home_win,-1.1077331527000003,1.2578025827915553,4.545087991404756,home_loss,0.21672079295529242,0.22525703048979523,0.5580221765549123
3754247,2015-11-21,Southampton,Stoke City,0,1,home_loss,0.39252437505000026,6.3285817282488,-2.9596167808129437,home_win,0.6069188021028807,0.21377815715428236,0.1793030407428369
3754109,2015-11-22,Tottenham Hotspur,West Ham United,4,1,home_win,-0.07991650865000022,-2.01020988223312,4.601312948287017,home_win,0.37051237685946614,0.2837535715797574,0.3457340515607765
3753979,2015-11-23,Crystal Palace,Sunderland,0,1,home_loss,0.0037387969166666757,8.734989208451971,-11.284654725018747,home_win,0.6206883254415255,0.22603581415862412,0.1532758603998504
3754028,2015-11-28,Manchester City,Southampton,3,1,home_win,0.9461633089333339,1.2521163074893877,2.2705801481717742,home_win,0.6146806688471759,0.22812263601111843,0.1571966951417057
3754186,2015-11-28,Leicester City,Manchester United,1,1,draw,1.2401906258333333,0.4063616807365307,-2.050513248449711,home_win,0.6752981504555693,0.22747272257426088,0.09722912697016983
3754178,2015-11-28,Aston Villa,Watford,2,3,home_loss,-0.46686471583333333,-1.3963412380134912,0.2709703088882591,home_loss,0.34065488186402454,0.3032932358288876,0.3560518823070878
3754157,2015-11-28,AFC Bournemouth,Everton,3,3,draw,-0.30098680251666665,0.14557053012063648,4.129960455669611,home_loss,0.35205785517250465,0.2622636307853533,0.38567851404214204
3754150,2015-11-28,Sunderland,Stoke City,2,0,home_win,0.07578140588333349,-1.4225542232458324,6.610541140752957,home_win,0.38817790922639345,0.26531521219848925,0.3465068785751173
3754304,2015-11-28,Crystal Palace,Newcastle United,5,1,home_win,-0.2542913866666663,0.7615959150459162,-7.181458793552473,home_win,0.4574319136850055,0.3168405600854364,0.22572752622955813
3754047,2015-11-29,Liverpool,Swansea City,1,0,home_win,0.32774589988333325,6.514113508743463,4.511713663421439,home_win,0.5334651110350593,0.1930790740465855,0.2734558149183552
3754038,2015-11-29,Norwich City,Arsenal,1,1,draw,-0.7669737347333329,2.3318927356707206,1.1938809669988757,home_loss,0.30936579146319326,0.2523685341851201,0.43826567435168656
3754093,2015-11-29,Tottenham Hotspur,Chelsea,0,0,draw,0.741915998533333,4.0287439058462695,-1.79797274886635,home_win,0.635509477219396,0.21794059425052612,0.14654992853007792
3754235,2015-11-29,West Ham United,West Bromwich Albion,1,1,draw,0.4360024158499999,-0.7663887072000364,-5.767649101716437,home_win,0.5522484916411499,0.2989281880328728,0.14882332032597742
3754160,2015-12-05,Arsenal,Sunderland,3,1,home_win,0.5886563400833333,2.960341144123113,-11.320247956025504,home_win,0.6485296071395787,0.2549744776701713,0.09649591519024997
3754135,2015-12-05,Stoke City,Manchester City,2,0,home_win,-1.0812982005833334,-5.148548929787822,2.7486123756536927,home_loss,0.19750108176760198,0.3047246419453648,0.49777427628703325
3754347,2015-12-05,Manchester United,West Ham United,0,0,draw,-0.29564709698333314,2.872008797744769,3.839046349209859,home_loss,0.3790598106190194,0.23648658882493317,0.38445360055604744
3754073,2015-12-05,Chelsea,AFC Bournemouth,0,1,home_loss,-0.18388304460000005,-3.481385694110358,0.21992847298479745,home_win,0.37201219159282733,0.32846844561269894,0.2995193627944738
3754085,2015-12-05,Swansea City,Leicester City,0,3,home_loss,-0.8294823918333333,-6.383909509376181,-0.08253741270582537,home_loss,0.24300226270052486,0.35681044613794366,0.4001872911615315
3754113,2015-12-05,Southampton,Aston Villa,1,1,draw,0.4175144503333331,5.089653767939609,-5.024917705440714,home_win,0.6121844433137398,0.23009761595544467,0.1577179407308156
3754286,2015-12-05,Watford,Norwich City,2,0,home_win,0.22420277348333317,3.9416623202614574,-3.6295611267598886,home_win,0.5556558458850304,0.24791118363364364,0.19643297048132596
3754215,2015-12-05,West Bromwich Albion,Tottenham Hotspur,1,1,draw,-0.604204547283333,-0.6500176884322073,0.894955545126777,home_loss,0.3175033295086878,0.2888412077247427,0.3936554627665695
3754143,2015-12-06,Newcastle United,Liverpool,2,0,home_win,-0.06940519921666644,-1.2837141840883461,4.908546560588668,home_win,0.3765281869833978,0.2738945752129708,0.3495772378036315
3754046,2015-12-07,Everton,Crystal Palace,1,1,draw,0.37965782724999997,-0.8322251261870761,1.439912582941659,home_win,0.4949332613971626,0.278499666002627,0.22656707260021047
3754072,2015-12-12,Sunderland,Watford,0,1,home_loss,-0.18970904841666658,-7.311773979355941,12.44694236686518,home_loss,0.2452703635304838,0.2805217662028155,0.4742078702667008
3754162,2015-12-12,AFC Bournemouth,Manchester United,2,1,home_win,0.16032416986666687,-2.099362032309294,-2.871056565218275,home_win,0.4706529029931097,0.31931320347500924,0.21003389353188118
3754096,2015-12-12,West Ham United,Stoke City,0,0,draw,0.02470892105,-4.616710692135136,-3.5292480353803697,home_win,0.42191964057333925,0.3596839039070048,0.21839645551965603
3754218,2015-12-12,Crystal Palace,Southampton,1,0,home_win,-0.5819077816666668,-2.735098574879487,0.4632115016011795,home_loss,0.307371303859031,0.3158593648531571,0.376769331287812
3754328,2015-12-12,Manchester City,Swansea City,2,1,home_win,0.4691926747166665,7.692374135454074,-0.05739529263614429,home_win,0.6126958256620405,0.19082296595355408,0.19648120838440555
3754182,2015-12-12,Norwich City,Everton,1,1,draw,-0.7559897829333334,-5.978358129733522,3.6753756639530692,home_loss,0.23173216107768163,0.3206340485068524,0.4476337904154661
3754117,2015-12-13,Aston Villa,Arsenal,0,2,home_loss,-0.8082373107666668,-5.49580183892099,5.565340338713945,home_loss,0.2143072205928034,0.295622347301689,0.49007043210550755
3754255,2015-12-13,Liverpool,West Bromwich Albion,2,2,draw,0.6041689012666664,0.28604599157792165,-2.999856457032756,home_win,0.577612424504149,0.26935699319127876,0.15303058230457225
3754276,2015-12-13,Tottenham Hotspur,Newcastle United,1,2,home_loss,0.38031548091666667,5.4839081756449275,-3.257492279760527,home_win,0.5979815144057525,0.2236296346022396,0.1783888509920078
3754013,2015-12-14,Leicester City,Chelsea,2,1,home_win,0.8920642503999997,1.963214167433705,-2.837205001536063,home_win,0.6434188847140804,0.2333761670456608,0.12320494824025884
3754136,2015-12-19,Newcastle United,Aston Villa,1,1,draw,-0.03169552473333337,-8.626261042981774,1.9008542765730994,draw,0.3351382403229452,0.3816504542062407,0.2832113054708141
3754025,2015-12-19,Chelsea,Sunderland,3,1,home_win,0.05918153783333313,6.596092133410366,-13.388488675399941,home_win,0.6184064275859691,0.2506942338716151,0.13089933854241584
3754153,2015-12-19,Stoke City,Crystal Palace,1,2,home_loss,-0.009683825816666491,-3.483467983851014,4.814727619696768,home_win,0.36809605389459726,0.2991203092989928,0.33278363680640993
3754188,2015-12-19,Southampton,Tottenham Hotspur,0,2,home_loss,0.2803748294166666,4.062519848975391,-3.553445594496033,home_win,0.5667080925571756,0.24395423263398355,0.1893376748088408
3754166,2015-12-19,Everton,Leicester City,2,3,home_loss,0.03481638508333318,0.5232702429647418,-1.2384964220471417,home_win,0.4650692568364885,0.2844978146820493,0.25043292848146215
3754219,2015-12-19,West Bromwich Albion,AFC Bournemouth,1,2,home_loss,-0.4920394665333332,-1.2812210543489897,4.915765092906803,home_loss,0.2987094592023137,0.2684445713827969,0.4328459694148893
3754044,2015-12-19,Manchester United,Norwich City,1,2,home_loss,0.33157082493333334,4.484403784264188,-1.1097055411951118,home_win,0.5625983040585919,0.23026759226990123,0.20713410367150686
3754051,2015-12-20,Watford,Liverpool,3,0,home_win,-0.0528314473,3.322885023565398,3.7479728170847437,home_win,0.43274125505830635,0.23225948698547488,0.33499925795621877
3754259,2015-12-20,Swansea City,West Ham United,0,0,draw,-0.17768264029999992,0.8782004898112703,-0.8682440313378024,home_win,0.42544178789169146,0.28306232631207234,0.29149588579623625
3754296,2015-12-21,Arsenal,Manchester City,2,1,home_win,0.11461175359999998,-2.0035420339264007,3.7684668829498023,home_win,0.4142281603327455,0.28746192038616963,0.29830991928108497
3754309,2015-12-26,Southampton,Arsenal,4,0,home_win,-0.11878241288333324,1.4580080931222597,-8.88609985796127,home_win,0.5010227086264044,0.30967530156097994,0.18930198981261573
3754014,2015-12-26,Stoke City,Manchester United,2,0,home_win,0.015877571416667013,-7.195761916468349,6.199891640096176,home_loss,0.3275327799386544,0.33362450976836155,0.3388427102929842
3753974,2015-12-26,Newcastle United,Everton,0,1,home_loss,-0.7872371689166668,-7.6479997800574395,4.664280257492926,home_loss,0.20991319181972984,0.3285688145811739,0.46151799359909634
3754057,2015-12-26,Tottenham Hotspur,Norwich City,3,0,home_win,0.3896942020166664,3.044101031747246,1.2772513219145765,home_win,0.5397253708377513,0.235778763825539,0.22449586533670973
3754054,2015-12-26,Manchester City,Sunderland,4,1,home_win,0.0980951125666667,8.481290255993557,-9.127653714789176,home_win,0.6202301824179193,0.21939113746351802,0.1603786801185628
3754285,2015-12-26,Aston Villa,West Ham United,1,1,draw,-0.13538781776666675,4.889329612348057,3.8946871839102215,home_win,0.4285864831742031,0.216903184136485,0.3545103326893118
3754279,2015-12-26,Swansea City,West Bromwich Albion,1,0,home_win,0.4946073462499998,-1.5938680713359403,0.9627119536539013,home_win,0.5111052252791495,0.2849545034576824,0.20394027126316816
3754287,2015-12-26,Chelsea,Watford,2,2,draw,0.13530010741666665,0.443108583983296,-2.490901163691241,home_win,0.49230302031353174,0.2875370930765725,0.22015988660989566
3754343,2015-12-26,Liverpool,Leicester City,1,0,home_win,-0.22161967160000007,2.0682473553347123,-1.2383155460154,home_win,0.4320227883859325,0.2722038038351819,0.2957734077788856
3754248,2015-12-26,AFC Bournemouth,Crystal Palace,0,0,draw,0.2845826957833335,-0.1741827386845074,-7.322364324199512,home_win,0.5423551018812912,0.3044989617718185,0.15314593634689025
3754056,2015-12-28,Everton,Stoke City,3,4,home_loss,0.25503257950000036,6.483362440757908,-5.992626395315945,home_win,0.6053195528535165,0.2255512887174584,0.16912915842902515
3754130,2015-12-28,Norwich City,Aston Villa,2,0,home_win,-0.32735011368333333,-1.877728935274014,-0.4492383871288155,home_win,0.36699364623058445,0.31403136749184496,0.31897498627757065
3754291,2015-12-28,Watford,Tottenham Hotspur,1,2,home_loss,0.0848990017500002,3.1888677358125506,-1.573319818782025,home_win,0.5056359683523921,0.2542845012572786,0.24007953039032928
3754173,2015-12-28,Arsenal,AFC Bournemouth,2,0,home_win,0.03657440911666665,1.9562206118513998,5.74736204951153,home_win,0.4192687804572442,0.2352551605808938,0.345476058961862
3753998,2015-12-28,West Ham United,Southampton,2,1,home_win,-0.49666280583333366,-6.474736084362235,7.068682012502343,home_loss,0.2433290436562743,0.30614715978449164,0.450523796559234
3754019,2015-12-28,Manchester United,Chelsea,0,0,draw,-0.5695071658499999,-3.715281934197371,-0.35282650200215926,home_loss,0.3071526166636666,0.33374077832122667,0.35910660501510666
3754195,2015-12-28,West Bromwich Albion,Newcastle United,1,0,home_win,-0.36083060300000014,9.310985555685072,-7.382532667052658,home_win,0.5305508786158573,0.22427808135860633,0.2451710400255365
3754326,2015-12-28,Crystal Palace,Swansea City,0,0,draw,0.052643675899999964,3.6594553585545953,-0.9962477065531985,home_win,0.4996033603361315,0.24789426016797628,0.2525023794958924
3754045,2015-12-29,Leicester City,Manchester City,0,0,draw,0.40796029860000016,-7.70427135935639,3.178762777468016,home_win,0.41144244999520946,0.35484399470674777,0.23371355529804277
3754226,2015-12-30,Sunderland,Liverpool,0,1,home_loss,-0.45747287690000005,-4.621502193007601,14.529454507768087,home_loss,0.20451251616718227,0.22558397536932756,0.5699035084634901
3754058,2016-01-02,Leicester City,AFC Bournemouth,0,0,draw,0.013560720066666754,-0.3557211198326584,4.795124875755228,home_win,0.40207210559438145,0.26437760671658533,0.3335502876890332
3754036,2016-01-02,Sunderland,Aston Villa,3,1,home_win,0.13210176318333333,-4.917435481587461,11.127550695543967,home_loss,0.32874615500591853,0.2742738671676274,0.3969799778264541
3754069,2016-01-02,Arsenal,Newcastle United,1,0,home_win,0.5160802216666666,10.186829813007265,-2.887644267557647,home_win,0.6663721251921083,0.17239120500364966,0.16123666980424206
3754101,2016-01-02,Norwich City,Southampton,1,0,home_win,-0.6073029646166667,-5.228630613082942,7.797605327357672,home_loss,0.2294523297399476,0.2819296526612729,0.4886180175987795
3754122,2016-01-02,West Bromwich Albion,Stoke City,2,1,home_win,-0.5030594075,2.8573345977817866,-4.275805902435188,home_win,0.41120837500467877,0.28284462109575514,0.3059470038995661
3754251,2016-01-02,West Ham United,Liverpool,2,0,home_win,-0.25350011306666653,-7.349508398009881,3.531655408288387,draw,0.30008787652596125,0.3524240137576844,0.34748810971635435
3754319,2016-01-02,Manchester United,Swansea City,2,1,home_win,0.4261973626333334,5.044399696594425,-6.539228650120251,home_win,0.6225348235189038,0.23333604655440235,0.14412912992669374
3754346,2016-01-02,Watford,Manchester City,1,2,home_loss,0.13890195863333332,-0.01393902134077507,0.2889646073504224,home_win,0.4671982343853213,0.2811546607333883,0.2516471048812904
3754114,2016-01-03,Crystal Palace,Chelsea,0,3,home_loss,-0.6416259621999998,-3.8867147021923927,4.363781776763034,home_loss,0.25879102594403114,0.29597658017245865,0.4452323938835102
3754140,2016-01-03,Everton,Tottenham Hotspur,1,1,draw,0.5839651155833334,0.7913724625784724,-7.715552966197762,home_win,0.6055696443760125,0.2750414618935714,0.11938889373041618
3753981,2016-01-12,Aston Villa,Crystal Palace,1,0,home_win,-0.1760253731,2.842732437302253,-4.47417516968784,home_win,0.47502322328159385,0.2776060440366673,0.24737073268173887
3754021,2016-01-12,AFC Bournemouth,West Ham United,1,3,home_loss,-0.0668860318500002,0.3887536248503025,-1.7484879249146488,home_win,0.44839047456159997,0.29098516193525487,0.26062436350314516
3754088,2016-01-12,Newcastle United,Manchester United,3,3,draw,-0.2610758246499998,-7.504519569242262,7.614124541064996,home_loss,0.2686650987721968,0.3210326496847255,0.41030225154307765
3754065,2016-01-13,Tottenham Hotspur,Leicester City,0,1,home_loss,-0.4756653609166672,3.8101291039820424,0.4507423989796564,home_win,0.3836545171767775,0.2459301191861959,0.3704153636370265
3754032,2016-01-13,Stoke City,Norwich City,3,1,home_win,0.6383070434499997,-5.115346266695099,-1.6963337238196914,home_win,0.5109501540818239,0.3313014909463369,0.1577483549718394
3754062,2016-01-13,Chelsea,West Bromwich Albion,2,2,draw,0.723493622033333,2.0781724854037122,0.03984976980625987,home_win,0.5995542065689505,0.23547826791036677,0.16496752552068267
3754071,2016-01-13,Swansea City,Sunderland,2,4,home_loss,-0.29168432464999994,1.2709769887343185,-7.048334890217532,home_win,0.45539905368968636,0.3111246031503859,0.23347634315992763
3754142,2016-01-13,Manchester City,Everton,0,0,draw,-0.47099600635000005,7.026691177996966,2.2197764658279198,home_loss,0.3945281727073535,0.20570399794703012,0.39976782934561644
3754183,2016-01-13,Southampton,Watford,2,0,home_win,-0.12417227983333379,-2.6317483184150063,-5.870861400473665,home_win,0.43335771206701673,0.34982963288220287,0.2168126550507804
3754305,2016-01-13,Liverpool,Arsenal,3,3,draw,-0.1481666515333333,2.4853964461484637,-3.223302541506037,home_win,0.46670061715742445,0.275488902395591,0.2578104804469846
3754004,2016-01-16,AFC Bournemouth,Norwich City,3,0,home_win,0.1071743053666665,-2.77209558887472,-1.2980616725569618,home_win,0.4428612553819902,0.3225778932009603,0.23456085141704944
3754027,2016-01-16,Tottenham Hotspur,Sunderland,4,1,home_win,-0.11617553336666653,6.41439936327842,-7.156975052122803,home_win,0.5453959473594545,0.24555411201515392,0.20904994062539164
3754125,2016-01-16,Chelsea,Everton,3,3,draw,0.566634223616667,2.776763277494638,1.5351207899891506,home_win,0.5682640562559381,0.23117442398971166,0.2005615197543501
3754168,2016-01-16,Southampton,West Bromwich Albion,3,0,home_win,-0.10113162100000017,4.035091418462308,-2.701654653797405,home_win,0.48773917318317034,0.2547827905294029,0.2574780362874269
3754250,2016-01-16,Aston Villa,Leicester City,1,1,draw,-0.5417677386666667,6.614746196502864,-3.2179595177463796,home_win,0.43025412479134606,0.23748435512513974,0.3322615200835141
3754260,2016-01-16,Manchester City,Crystal Palace,4,0,home_win,0.4930961722999997,7.475761956515292,-3.419687719193263,home_win,0.6396340103134098,0.19899779687745095,0.16136819280913922
3754338,2016-01-16,Newcastle United,West Ham United,2,1,home_win,0.06020372924999995,0.053864531479206335,-1.0441612979068964,home_win,0.46332420683845355,0.2884320643448991,0.24824372881664739
3754202,2016-01-17,Stoke City,Arsenal,0,0,draw,-0.10656798046666616,-3.5744987561512076,-0.000882509896449335,home_win,0.38650686073630713,0.33020734586335754,0.2832857934003354
3754345,2016-01-17,Liverpool,Manchester United,0,1,home_loss,0.09975209788333328,4.263548355857907,3.472208662258076,home_win,0.4752791706767021,0.22247365997670818,0.30224716934658963
3754161,2016-01-18,Swansea City,Watford,1,0,home_win,-0.3887453445666669,-4.252233911085391,-0.6498420362082769,draw,0.3350151945281195,0.3440523342583497,0.32093247121353075
3753975,2016-01-23,Sunderland,AFC Bournemouth,1,1,draw,0.1081497583833333,-5.751836819887153,4.658646854287461,home_win,0.3688055848118808,0.3266098003507957,0.3045846148373235
3754084,2016-01-23,West Bromwich Albion,Aston Villa,0,0,draw,0.45855719608333345,0.019150392325499865,-0.11784700195441644,home_win,0.5302221170777279,0.27122467185247473,0.19855321106979734
3754110,2016-01-23,West Ham United,Manchester City,2,2,draw,-0.46614884541666646,-9.81327726955675,2.2395968748323014,draw,0.2548542423398429,0.38931410843071784,0.3558316492294393
3754179,2016-01-23,Crystal Palace,Tottenham Hotspur,1,3,home_loss,-0.71573004225,-2.8410085474069433,2.0362702997651,home_loss,0.27215595475581894,0.3015014582124481,0.42634258703173294
3754200,2016-01-23,Manchester United,Southampton,0,1,home_loss,0.046508806699999905,-3.1505456357564015,0.894104041307628,home_win,0.4120830057866059,0.3176124606704802,0.27030453354291395
3754271,2016-01-23,Watford,Newcastle United,2,1,home_win,-0.3740234001999998,2.93627053386394,4.990514420327159,home_loss,0.3530387705004434,0.22835876763142451,0.4186024618681321
3754341,2016-01-23,Leicester City,Stoke City,3,0,home_win,0.03958981483333335,3.3047888491530557,-0.8713459458408295,home_win,0.49235004790304104,0.25156797272488257,0.25608197937207644
3754348,2016-01-23,Norwich City,Liverpool,4,5,home_loss,-0.7470821777833333,-4.8445697510559285,6.276924524847409,home_loss,0.22212473217697917,0.2852202955516272,0.4926549722713936
3754111,2016-01-24,Arsenal,Chelsea,0,1,home_loss,-0.6828552609833336,-4.506519967974249,1.184889053726664,home_loss,0.27102482750783313,0.32830828113895266,0.4006668913532142
3754163,2016-01-24,Everton,Swansea City,1,2,home_loss,0.5189313190666667,-2.374354757801889,-3.088560432725714,home_win,0.5318611185564789,0.306835457536109,0.16130342390741215
3753997,2016-02-02,West Ham United,Aston Villa,2,0,home_win,0.3538122686333335,-5.7995256196864275,3.7376080978319166,home_win,0.4191076890272001,0.32894145180399353,0.2519508591688065
3754089,2016-02-02,Crystal Palace,AFC Bournemouth,1,2,home_loss,-0.26299858296666667,-2.746798850653647,0.968440133152825,home_win,0.35934262576413406,0.3151542386120888,0.3255031356237771
3754094,2016-02-02,Manchester United,Stoke City,3,0,home_win,0.1301061826333333,8.153009042106092,-5.322297797267673,home_win,0.595582254057198,0.21243692802645855,0.19198081791634342
3754095,2016-02-02,Sunderland,Manchester City,0,1,home_loss,-0.5960440743666668,-8.709967427559619,5.504301576416395,home_loss,0.2241272459246275,0.3414617216595678,0.4344110324158048
3754201,2016-02-02,Arsenal,Southampton,0,0,draw,0.12477535046666643,-9.269352364494374,4.3329680886010635,draw,0.3390072215871679,0.3727635119603717,0.28822926645246044
3754275,2016-02-02,Leicester City,Liverpool,2,0,home_win,-0.1258531770333331,-5.340324211020665,2.0026979177279074,home_win,0.3509775983769186,0.3395731467376857,0.3094492548853956
3754317,2016-02-02,Norwich City,Tottenham Hotspur,0,3,home_loss,-0.7268973148499996,0.29529088087701894,5.732409363825546,home_loss,0.2622873024485298,0.23985841631668567,0.4978542812347844
3754340,2016-02-02,West Bromwich Albion,Swansea City,1,1,draw,0.4101647759000001,-0.0416037460257499,-1.8327072910336355,home_win,0.532442498885493,0.2797016513648927,0.1878558497496143
3754103,2016-02-03,Watford,Chelsea,0,0,draw,-0.5000713972833337,-0.6424163256805002,5.902001078899474,home_loss,0.2935873941376688,0.25451828180735414,0.4518943240549771
3754252,2016-02-03,Everton,Newcastle United,3,0,home_win,-0.07095475503333315,1.6898561502915612,1.3864113036924763,home_win,0.43512272358980747,0.2610739920370069,0.30380328437318566
3754080,2016-02-06,Tottenham Hotspur,Watford,1,0,home_win,0.4293646235999997,0.40444967144918564,-3.574339408488896,home_win,0.5522022601189349,0.27879460064943123,0.16900313923163385
3754120,2016-02-06,Southampton,West Ham United,1,0,home_win,-0.5404445028333335,6.590607357914003,-5.722745999007309,home_win,0.4531749177954981,0.24980287317557653,0.29702220902892523
3754127,2016-02-06,Stoke City,Everton,0,3,home_loss,-0.6580581411666666,1.2361389344431188,1.617877764535919,home_loss,0.3169385714222656,0.26270360318710273,0.4203578253906317
3754290,2016-02-06,Manchester City,Leicester City,1,3,home_loss,-0.08126437413333365,-0.36104126041646367,4.169322176788505,home_win,0.38918370180948236,0.2682867360096754,0.3425295621808422
3754292,2016-02-06,Newcastle United,West Bromwich Albion,1,0,home_win,-0.17362866980000025,-5.287431640035059,0.1725464814082187,home_win,0.35610885703655454,0.3511168622662951,0.2927742806971502
3754303,2016-02-06,Swansea City,Crystal Palace,1,1,draw,0.0016486182666667348,2.2766353522504517,0.5669153624205663,home_win,0.4622770947009428,0.257425403273107,0.2802975020259503
3754306,2016-02-06,Aston Villa,Norwich City,2,0,home_win,-0.34710281350000016,-0.1281716818654104,-2.5041476019397066,home_win,0.39653753913691464,0.3058398170211769,0.29762264384190845
3754316,2016-02-06,Liverpool,Sunderland,2,2,draw,0.2417772578666666,7.653170765411133,-4.918159537347194,home_win,0.6077291418990023,0.2117202701870864,0.18055058791391146
3754253,2016-02-07,AFC Bournemouth,Arsenal,0,2,home_loss,-0.4833235345333333,4.233323524078173,-0.5032734441647548,home_win,0.3947849247865375,0.24704299351897982,0.3581720816944828
3754281,2016-02-07,Chelsea,Manchester United,1,1,draw,0.1375236959666668,-4.513229229854055,-1.4084475875804543,home_win,0.4294489236116143,0.34436119453831804,0.22618988185006775
3754039,2016-02-13,Crystal Palace,Watford,1,2,home_loss,0.06578483106666655,-0.623133555398006,-0.36431696003820235,home_win,0.4519314065185489,0.29314915496866994,0.2549194385127812
3754031,2016-02-13,Sunderland,Manchester United,2,1,home_win,-0.20756490206666656,-5.500235897440469,0.05082760794476826,draw,0.3490036723429908,0.3547668452012872,0.296229482455722
3754139,2016-02-13,Swansea City,Southampton,0,1,home_loss,0.21863012883333344,-3.8944441276628226,1.714060050248733,home_win,0.4296014648830676,0.3188164402727236,0.25158209484420874
3754244,2016-02-13,Norwich City,West Ham United,2,2,draw,-0.3677629910833333,4.310761658444029,0.5542027953285071,home_win,0.4085674505476041,0.24032872264676905,0.35110382680562674
3754264,2016-02-13,Chelsea,Newcastle United,5,1,home_win,0.12629545043333334,2.6751149791318767,0.2510171752190473,home_win,0.49337448740800394,0.25155506486256163,0.25507044772943444
3754274,2016-02-13,AFC Bournemouth,Stoke City,1,3,home_loss,0.2910387125666668,3.0214494329804538,-0.45825843867320515,home_win,0.5344020434156574,0.24525179268152977,0.22034616390281278
3754350,2016-02-13,Everton,West Bromwich Albion,0,1,home_loss,0.33292893533333334,-6.345279544069832,5.438508979753344,home_win,0.3974141217185988,0.32688343674317927,0.2757024415382219
3754147,2016-02-14,Manchester City,Tottenham Hotspur,1,2,home_loss,-0.49376655145000026,-1.700118131517108,8.335869506329992,home_loss,0.2662998246384815,0.24677637099919295,0.48692380436232546
3754214,2016-02-14,Aston Villa,Liverpool,0,6,home_loss,-0.6698770593333335,1.5329041549627007,2.527705024560312,home_loss,0.30906971873213923,0.2530583792492044,0.43787190201865633
3754261,2016-02-14,Arsenal,Leicester City,2,1,home_win,-0.2437871907166671,-2.9279315431149016,4.372870027229929,home_loss,0.33408293063692635,0.2944633644799288,0.37145370488314483
3754049,2016-02-27,Leicester City,Norwich City,1,0,home_win,0.28328175075000006,-9.107674275268565,0.33027563008578653,draw,0.39147090912335314,0.39213364896174,0.21639544191490684
3754012,2016-02-27,Southampton,Chelsea,1,2,home_loss,-0.5563706074666667,4.099062530097257,0.6047114282420409,home_loss,0.36885603406072626,0.24171628078192844,0.3894276851573452
3754121,2016-02-27,Watford,AFC Bournemouth,0,0,draw,-0.1231788375333337,-3.5131268263093176,-3.102736208371745,home_win,0.4057637336430344,0.3472309427548284,0.24700532360213714
3754236,2016-02-27,West Bromwich Albion,Crystal Palace,3,2,home_win,-0.027141052066666504,-1.611523135961768,-0.665498977466001,home_win,0.42637185735953986,0.30857038873238,0.26505775390808006
3754321,2016-02-27,Stoke City,Aston Villa,2,1,home_win,0.19348540611666687,-7.654088070419618,3.3742980545268253,home_win,0.3734735517701136,0.35751856020946615,0.2690078880204203
3754331,2016-02-27,West Ham United,Sunderland,1,0,home_win,0.17689903799999995,6.449391834317751,-1.9702783114789568,home_win,0.5604960395642833,0.21842791265716807,0.22107604777854872
3754239,2016-02-28,Manchester United,Arsenal,3,2,home_win,-0.38907054249999984,2.8899672811525576,0.7264269413834086,home_win,0.3899222854868997,0.2539186788467703,0.35615903566633
3754324,2016-02-28,Tottenham Hotspur,Swansea City,2,1,home_win,0.6734865450166669,-4.3104416132559535,-0.9301203534294231,home_win,0.5226190002207499,0.316454881221941,0.1609261185573091
3754050,2016-03-01,Sunderland,Crystal Palace,2,2,draw,-0.08360304683333342,-2.2001281393638052,0.7063077963153717,home_win,0.3994336762370104,0.3091481020317053,0.29141822173128423
3754231,2016-03-01,Leicester City,West Bromwich Albion,2,2,draw,0.5635737349999997,3.9890590502801118,0.18789925163211052,home_win,0.5905169915313897,0.2223756764659465,0.18710733200266386
3754280,2016-03-01,Norwich City,Chelsea,1,2,home_loss,-0.4734002180833332,3.901678238455297,5.286476098230175,home_loss,0.3382267171987732,0.21622169230778382,0.4455515904934431
3754327,2016-03-01,Aston Villa,Everton,1,3,home_loss,-1.1981227990833334,11.114135875197988,-0.10001395871205432,home_loss,0.3023593078563108,0.17430787181551083,0.5233328203281783
3754334,2016-03-01,AFC Bournemouth,Southampton,2,0,home_win,0.28254091606666676,-0.7341069449633864,-1.4921760345724238,home_win,0.4990915982761652,0.2922275905353686,0.20868081118846613
3753976,2016-03-02,Arsenal,Swansea City,1,2,home_loss,0.24511698628333356,1.5133331998758806,0.9011452853762876,home_win,0.4988747722035489,0.2583114182754478,0.24281380952100326
3753991,2016-03-02,Liverpool,Manchester City,3,0,home_win,-0.04075827623333339,3.3316272405477605,-3.787796519142617,home_win,0.5006201935596843,0.2651510574766476,0.234228748963668
3754005,2016-03-02,Stoke City,Newcastle United,1,0,home_win,-0.39432666803333316,0.7959392867472275,4.751802920435836,home_loss,0.33422292071696236,0.25039294354071073,0.41538413574232697
3754232,2016-03-02,Manchester United,Watford,1,0,home_win,-0.1609781687666666,0.7972250119125093,4.823887127522056,home_win,0.37830873842217483,0.25216868858433683,0.3695225729934884
3754349,2016-03-02,West Ham United,Tottenham Hotspur,1,0,home_win,-0.8305990717333336,0.6595735339748927,6.694249375190836,home_loss,0.23924122132011838,0.22532407382075817,0.5354347048591234
3754061,2016-03-05,Chelsea,Stoke City,1,1,draw,0.48022015188333333,-1.4511331237691323,-2.0436725133913214,home_win,0.5299008838144889,0.2940817518766442,0.17601736430886683
3754151,2016-03-05,Swansea City,Norwich City,1,0,home_win,0.10615835408333307,-7.049030578810104,-0.26308294503800056,home_win,0.3883675382499425,0.3724434896628703,0.23918897208718717
3754164,2016-03-05,Southampton,Sunderland,1,1,draw,-0.27430039358333347,4.892725647278496,4.039184604639786,home_win,0.39859077098788825,0.21623062804663556,0.38517860096547624
3754177,2016-03-05,Newcastle United,AFC Bournemouth,1,3,home_loss,0.17965126293333333,-6.673688792468852,2.0650645141153774,home_win,0.39018973074146496,0.35284169550078703,0.256968573757748
3754249,2016-03-05,Manchester City,Aston Villa,4,0,home_win,0.8263322686666665,-5.215103685621251,0.0026456460628807577,home_win,0.532393179302192,0.3166810037698999,0.1509258169279081
3754277,2016-03-05,Everton,West Ham United,2,3,home_loss,0.6425665507499998,-7.0362454951365265,1.237528404665312,home_win,0.4717867323813215,0.3460682675142969,0.18214500010438167
3754289,2016-03-05,Watford,Leicester City,0,1,home_loss,-0.58437847375,-1.5008803203583199,-3.4464948474373003,home_win,0.34747936254220285,0.3292333847619492,0.323287252695848
3754318,2016-03-05,Tottenham Hotspur,Arsenal,2,2,draw,0.2792155711666666,-7.904324271645571,-1.6302756378777445,home_win,0.41577075257563134,0.3857319674391169,0.1984972799852518
3754081,2016-03-06,West Bromwich Albion,Manchester United,1,0,home_win,0.1858560133999998,-5.257889900456213,-1.7845848090573426,home_win,0.43175249523683906,0.35430322588013846,0.21394427888302237
3754220,2016-03-06,Crystal Palace,Liverpool,1,2,home_loss,-0.36008553043333325,-5.344742654837624,-0.7044008033733249,draw,0.329871038431915,0.3581022267521428,0.3120267348159422
3753988,2016-03-12,AFC Bournemouth,Swansea City,3,2,home_win,-0.3119663427666668,4.5886644804034376,-4.968907327336495,home_win,0.4713067744969324,0.2635562954992753,0.26513693000379235
3754196,2016-03-12,Stoke City,Southampton,1,2,home_loss,0.2843095948666666,0.5513092148027994,-0.8816380407632209,home_win,0.5094875915706046,0.2746690671322509,0.21584334129714444
3754313,2016-03-12,Norwich City,Manchester City,0,0,draw,-0.538067337633333,6.931799389395728,4.537739378936067,home_loss,0.35581660329992665,0.19341907889395704,0.45076431780611625
3754053,2016-03-13,Aston Villa,Tottenham Hotspur,0,2,home_loss,-1.4429540716666667,4.542205117903514,5.4802586714202945,home_loss,0.17691399050993598,0.1764106818646392,0.6466753276254248
3754002,2016-03-14,Leicester City,Newcastle United,1,0,home_win,0.7643151338833334,4.730235976732459,-0.3060057393266149,home_win,0.63713089525735,0.2068506818932891,0.15601842284936093
3754052,2016-03-19,West Bromwich Albion,Norwich City,0,1,home_loss,0.35121634396666657,-11.402034449807758,-2.7203332016197947,draw,0.39073966456680903,0.4369472016168064,0.17231313381638455
3753973,2016-03-19,Chelsea,West Ham United,2,2,draw,-0.06329692214999971,-1.0316434862828245,1.463012690622243,home_win,0.40900580909887385,0.29097874528549106,0.30001544561563515
3753977,2016-03-19,Watford,Stoke City,1,2,home_loss,-0.2275552565333333,-3.5254850573473036,-3.927531849283781,home_win,0.3928114554992554,0.3542003003766343,0.25298824412411025
3753980,2016-03-19,Everton,Arsenal,0,2,home_loss,0.45742945601666607,-9.414013056189617,5.063448361965911,home_win,0.38907613741425834,0.3657929984606359,0.24513086412510576
3754181,2016-03-19,Crystal Palace,Leicester City,0,1,home_loss,-0.48653540863333333,-2.6886786936022133,-2.248532169992025,home_win,0.3444827072762816,0.33568511388402605,0.3198321788396924
3754224,2016-03-19,Swansea City,Aston Villa,1,0,home_win,0.593856139916667,-1.5231670210433705,1.7011891076656198,home_win,0.5249093547254088,0.27738986186014997,0.1977007834144414
3754043,2016-03-20,Tottenham Hotspur,AFC Bournemouth,3,0,home_win,0.9793499090500001,-5.809002925263101,-1.2732742909151114,home_win,0.5567019884814489,0.3182407016754458,0.1250573098431053
3754064,2016-03-20,Southampton,Liverpool,3,2,home_win,-0.71403183775,-0.10102698102227237,5.976653394322774,home_loss,0.2597841900691304,0.24215783351118686,0.49805797641968275
3754100,2016-03-20,Newcastle United,Sunderland,1,1,draw,-0.1712606908833335,-2.4236357512111653,2.388076073272728,home_win,0.36790775762158984,0.30225557061261943,0.3298366717657908
3754124,2016-03-20,Manchester City,Manchester United,0,1,home_loss,0.3641882066666663,-2.243308502885178,-4.992830983681856,home_win,0.5176963463487386,0.3194873170578118,0.16281633659344952
3754175,2016-04-02,Sunderland,West Bromwich Albion,0,0,draw,0.15870249891666655,0.3434601921973979,-5.340679550511055,home_win,0.5147685579523885,0.2983048219160582,0.18692662013155315
3754075,2016-04-02,Aston Villa,Chelsea,0,4,home_loss,-0.9965906942499998,-1.8131199419750317,-2.695964920445846,home_loss,0.26986237374393773,0.32084922649271663,0.40928839976334563
3754087,2016-04-02,Liverpool,Tottenham Hotspur,1,1,draw,-0.19409836688333337,-1.6831319754234713,3.643222690058309,home_win,0.36025083306172284,0.2858332922592589,0.35391587467901825
3754118,2016-04-02,Arsenal,Watford,4,0,home_win,0.5278522131500003,10.331400242010865,-7.625982714961026,home_win,0.6998874116873934,0.17759534765740642,0.12251724065520021
3754144,2016-04-02,AFC Bournemouth,Manchester City,0,4,home_loss,-0.7235460258833332,-0.4269287230689969,-0.5289494816727967,home_loss,0.3099197479820693,0.2946874068829458,0.3953928451349849
3754176,2016-04-02,West Ham United,Crystal Palace,2,2,draw,0.18216092016666685,3.7566460942166273,-0.14203471772555076,home_win,0.5187103814607378,0.2399025095998985,0.24138710893936374
3754243,2016-04-02,Norwich City,Newcastle United,3,2,home_win,-0.3124392994166666,15.1546680102405,0.08731511109794354,home_win,0.5197494824450475,0.148537588109724,0.33171292944522845
3754272,2016-04-02,Stoke City,Swansea City,2,2,draw,0.2702581693666668,3.5774228246613973,0.5527103628062306,home_win,0.5281946933030743,0.2365901589495205,0.23521514774740512
3753982,2016-04-03,Leicester City,Southampton,1,0,home_win,0.5484804108666668,0.1696296862148472,-6.5351694094097255,home_win,0.5864230182660458,0.2824150110313766,0.13116197070257757
3754299,2016-04-03,Manchester United,Everton,1,0,home_win,-1.2297823050833336,7.945514566032259,-0.1891046328993582,home_loss,0.2771343727148329,0.19877947889494318,0.5240861483902238
3754016,2016-04-09,Southampton,Newcastle United,3,1,home_win,-0.23856411071666683,10.073294639895032,-0.03631442951726882,home_win,0.4933040256786141,0.188031843148267,0.318664131173119
3754022,2016-04-09,Crystal Palace,Norwich City,1,0,home_win,0.2621615745499998,-13.606502243321607,-0.1534195882517082,draw,0.3393687980969138,0.4579417909645877,0.20268941093849852
3754030,2016-04-09,Watford,Everton,1,1,draw,-0.45845230000000015,0.7789081443893195,0.9931178835724381,home_loss,0.3554673711877642,0.27438343020632466,0.37014919860591117
3754035,2016-04-09,Manchester City,West Bromwich Albion,2,1,home_win,0.7382223731666667,3.74403258607898,-5.952438470402569,home_win,0.6552172495688363,0.22841280240331369,0.1163699480278499
3754116,2016-04-09,Swansea City,Chelsea,1,0,home_win,-0.7059412532833332,0.10210440767579598,2.638269079827701,home_loss,0.29092695946593283,0.2658186980520038,0.4432543424820634
3754241,2016-04-09,West Ham United,Arsenal,3,3,draw,-0.49631976558333357,-5.292445270628761,5.9957226546315425,home_loss,0.2595865060040408,0.30247024182757526,0.4379432521683839
3754262,2016-04-09,Aston Villa,AFC Bournemouth,1,2,home_loss,-0.04508317476666668,-0.8723617916785997,-4.212126487983362,home_win,0.4565998206872456,0.3170325208247903,0.22636765848796417
3753986,2016-04-10,Liverpool,Stoke City,4,1,home_win,0.4169021419666661,-5.993193332653192,-5.548942613354967,home_win,0.4826042013373487,0.36853953189082556,0.1488562667718258
3754152,2016-04-10,Sunderland,Leicester City,0,2,home_loss,-0.18024915325000013,-2.9951414321684737,0.5975067021551297,home_win,0.374672763279961,0.3202089221587323,0.30511831456130656
3754209,2016-04-10,Tottenham Hotspur,Manchester United,3,0,home_win,1.1798882176166665,-5.038900967343579,-3.712076689217902,home_win,0.6082569641478409,0.2987359168073147,0.09300711904484434
3754048,2016-04-13,Crystal Palace,Everton,0,0,draw,-0.13339499368333319,-0.15159805549297545,-1.1191266563308346,home_win,0.4253209461843579,0.2955603069572114,0.2791187468584308
3754024,2016-04-16,Newcastle United,Swansea City,3,0,home_win,0.0958734980499999,-10.453204472529372,4.214230583407726,draw,0.3233074199254813,0.38901907791532014,0.2876735021591986
3754137,2016-04-16,Everton,Southampton,1,1,draw,-0.08285240881666689,-6.741045209358596,3.886956949949983,draw,0.3315519204113136,0.34395219725607695,0.32449588233260945
3754155,2016-04-16,West Bromwich Albion,Watford,0,1,home_loss,-0.10253826008333322,11.271230331284563,0.5876969079175112,home_win,0.5263917390726458,0.17370307185627423,0.2999051890710799
3754172,2016-04-16,Norwich City,Sunderland,0,3,home_loss,-0.25055251340000007,7.927650021286503,0.5206826527903274,home_win,0.4657518532870232,0.20497796729391884,0.32927017941905795
3754295,2016-04-16,Manchester United,Aston Villa,1,0,home_win,-0.23540631683333324,6.189265744260744,4.3703030897862405,home_win,0.4142064334033637,0.2028869562637057,0.38290661033293055
3754322,2016-04-16,Chelsea,Manchester City,0,3,home_loss,0.15953070475000009,-6.027387437395795,-0.15790536149319934,home_win,0.40823995982385425,0.35709492299575435,0.23466511718039126
3754009,2016-04-17,Arsenal,Crystal Palace,1,1,draw,0.18520452598333326,10.382657936400605,-1.8860916753748924,home_win,0.600156772369641,0.18111029179335367,0.21873293583700523
3754216,2016-04-17,AFC Bournemouth,Liverpool,1,2,home_loss,-0.9362614698166668,3.433638599993003,-0.03498382050531035,home_loss,0.2979294954890241,0.246262723997819,0.4558077805131569
3754227,2016-04-17,Leicester City,West Ham United,2,2,draw,0.4504219079166669,-1.0433484327195401,-3.4072405407408084,home_win,0.5378288681454453,0.2948102747072999,0.1673608571472548
3754187,2016-04-18,Stoke City,Tottenham Hotspur,0,4,home_loss,-0.6401976597166665,3.6081052463985515,3.9348352502366595,home_loss,0.317133903666997,0.2243034489675789,0.4585626473654241
3754206,2016-04-19,Newcastle United,Manchester City,1,1,draw,-0.7079934248166666,-11.110614982225222,3.142796060833682,home_loss,0.20690241820067376,0.3879239003021036,0.4051736814972227
3754086,2016-04-20,West Ham United,Watford,3,1,home_win,0.5217344014166665,11.665451146780413,-4.030455972408362,home_win,0.6889626979347186,0.16152633363896252,0.14951096842631884
3754294,2016-04-20,Liverpool,Everton,4,0,home_win,0.820300621716667,2.6744343061369378,-3.2628113837266284,home_win,0.6421577738514893,0.23061234610820466,0.127229880040306
3754310,2016-04-20,Manchester United,Crystal Palace,2,0,home_win,-0.5328617046833333,8.011729676457556,-2.9972267053269874,home_win,0.44284350750026813,0.22258414026535545,0.3345723522343763
3754284,2016-04-21,Arsenal,West Bromwich Albion,2,0,home_win,0.6596397248333332,0.9165666137871753,-6.931551566129357,home_win,0.6152908807347259,0.2671064425056117,0.1176026767596623
3754154,2016-04-23,Liverpool,Newcastle United,2,2,draw,0.9971162493000001,3.2705645996279245,-5.554358664163303,home_win,0.6868927808951576,0.21689273976592174,0.09621447933892059
3754242,2016-04-23,AFC Bournemouth,Chelsea,1,4,home_loss,-0.6651103452333331,-0.8306613310308109,5.441380598168486,home_loss,0.267656855544191,0.25497351277542235,0.47736963168038665
3754282,2016-04-23,Aston Villa,Southampton,2,4,home_loss,-0.45615630305,-6.872150928316458,-0.8682425323031353,draw,0.3010087317931209,0.3780109061802333,0.3209803620266458
3754307,2016-04-23,Manchester City,Stoke City,4,0,home_win,0.4472638074166667,2.8938383128700735,-0.15780014176115742,home_win,0.5600359644083633,0.2396931110852915,0.20027092450634518
3753990,2016-04-24,Sunderland,Arsenal,0,0,draw,-0.45258737633333346,-4.07378163561296,3.7549988615417362,home_loss,0.29303638112411573,0.30838561532980724,0.39857800354607714
3754228,2016-04-24,Leicester City,Swansea City,4,0,home_win,0.5301135947833334,-1.887400347400046,-2.637977910800295,home_win,0.5370314311658079,0.2987576274630091,0.16421094137118314
3754332,2016-04-25,Tottenham Hotspur,West Bromwich Albion,1,1,draw,1.0052532630500004,-5.423434289089329,-6.728765746198185,home_win,0.5882352170822462,0.32228899693347113,0.08947578598428257
3754037,2016-04-30,Everton,AFC Bournemouth,2,1,home_win,-0.39327740163333325,-4.60999802283191,-0.7181519770031031,draw,0.33134811944024756,0.34893450206717525,0.31971737849257714
3754063,2016-04-30,Watford,Aston Villa,3,2,home_win,-0.14098047891666665,0.18754669984765115,4.256705960378433,home_win,0.38190091564743983,0.26192058146077823,0.3561785028917819
3754132,2016-04-30,Stoke City,Sunderland,1,1,draw,-0.1697553270833334,-2.9374491131291904,-2.2460226860671213,home_win,0.3978605154886186,0.3361524564040963,0.26598702810728514
3754170,2016-04-30,Newcastle United,Crystal Palace,1,0,home_win,-0.20249014750000016,-1.3691677543573846,2.400332371749016,home_win,0.37193579191163173,0.29013484547108853,0.3379293626172798
3754184,2016-04-30,Arsenal,Norwich City,1,0,home_win,0.8656425479333334,2.9034250769493894,-8.735859260215143,home_win,0.6775187092650096,0.2332604478092399,0.08922084292575047
3754192,2016-04-30,West Bromwich Albion,West Ham United,0,3,home_loss,-0.8785651765000001,-0.8463251779035801,2.305300957961343,home_loss,0.2577948843297019,0.27279121094780284,0.4694139047224953
3754018,2016-05-01,Swansea City,Liverpool,3,1,home_win,-0.8702977769333334,2.8888195135792643,0.5141342805560569,home_loss,0.30089850857941713,0.24929417105000715,0.4498073203705758
3754165,2016-05-01,Manchester United,Leicester City,1,1,draw,-0.7488875616666668,4.6998467810237585,-3.2590488081908973,home_win,0.3723319989041944,0.2576674719569074,0.37000052913889814
3754320,2016-05-01,Southampton,Manchester City,4,2,home_win,-0.2593492387166665,-3.116933335889051,-4.931848478066655,home_win,0.3983020897786447,0.35518360882214906,0.24651430139920627
3754092,2016-05-02,Chelsea,Tottenham Hotspur,2,2,draw,-0.19592084023333367,3.3687957600104497,-5.1530297112105075,home_win,0.48215354332416366,0.27500970227014987,0.24283675440568653
3754026,2016-05-07,Crystal Palace,Stoke City,2,1,home_win,0.34177060013333327,-1.4589862146057229,-2.800228882328497,home_win,0.5100583648156056,0.30333453602120103,0.18660709916319326
3754033,2016-05-07,Leicester City,Everton,3,1,home_win,1.0532541546999998,5.710497653878129,0.7727987879703377,home_win,0.6876129167512453,0.18160642385871462,0.13078065939004
3754070,2016-05-07,Aston Villa,Newcastle United,0,0,draw,0.10367728790000008,-0.39452567678172556,-4.321525346575683,home_win,0.489691845383633,0.30607655341072043,0.2042316012056466
3754108,2016-05-07,Sunderland,Chelsea,3,2,home_win,-0.32651664866666685,2.4897776768141284,7.640188765440847,home_loss,0.33296557318432907,0.21691451289834837,0.4501199139173226
3754158,2016-05-07,West Ham United,Swansea City,1,4,home_loss,0.6390108758333335,-0.07729432851463258,6.959094623768401,home_win,0.5088843360367765,0.24079829381405976,0.2503173701491638
3754210,2016-05-07,Norwich City,Manchester United,0,1,home_loss,-0.04921646483333342,1.6204707852429578,11.102507386639388,home_loss,0.34629877732518705,0.20822540244362148,0.44547582023119153
3754225,2016-05-07,AFC Bournemouth,West Bromwich Albion,1,1,draw,-0.08443888449999981,-5.579544679138522,1.5778605621769302,home_win,0.3588410303326108,0.3451720185702224,0.29598695109716683
3753992,2016-05-08,Tottenham Hotspur,Southampton,1,2,home_loss,-0.0788160536333331,-4.040680801358427,6.59364724923357,home_loss,0.33595346706829554,0.2933315489775671,0.37071498395413743
3754314,2016-05-08,Manchester City,Arsenal,2,2,draw,0.07723276074999985,-7.922407000691713,5.25364282530203,draw,0.3379890256994507,0.34945609679002504,0.31255487751052424
3754342,2016-05-08,Liverpool,Watford,2,0,home_win,0.8449792995333336,2.1234792058551477,-5.699896930492741,home_win,0.6522616150769788,0.2391496541547854,0.10858873076823594
3754134,2016-05-10,West Ham United,Manchester United,3,2,home_win,0.8214005661000001,-0.45412791034262057,8.518772468983222,home_win,0.5275081563731158,0.23371057550970592,0.23878126811717837
3754055,2016-05-11,Liverpool,Chelsea,1,1,draw,0.6612531880666668,2.775040599947097,0.13701612647828654,home_win,0.5955041188953801,0.23078852258732022,0.17370735851729976
3753989,2016-05-11,Sunderland,Everton,3,0,home_win,0.5621747789499999,9.871386375248228,2.622329825896074,home_win,0.6284546714412017,0.16290333245157176,0.20864199610722647
3754207,2016-05-11,Norwich City,Watford,4,2,home_win,0.0903973989500001,4.088705519056887,6.942515191236417,home_win,0.43767505287390124,0.20878790889426527,0.3535370382318334
3754041,2016-05-15,Arsenal,Aston Villa,4,0,home_win,0.5896614560333333,13.224966941750765,-3.119506887768111,home_win,0.7075654421933548,0.14523300256173832,0.1472015552449069
3754042,2016-05-15,West Bromwich Albion,Liverpool,1,1,draw,-0.7619847389499996,1.5483312156736062,6.51001316743838,home_loss,0.25760007268101515,0.22142952429094126,0.5209704030280436
3753994,2016-05-15,Southampton,Crystal Palace,4,1,home_win,0.6335230264833334,1.4243476817659015,-3.0600912949536507,home_win,0.5961072624000061,0.2546736013566674,0.14921913624332647
3754123,2016-05-15,Everton,Norwich City,3,0,home_win,-0.5460485971333332,-8.264004182247682,-1.0787121523924412,draw,0.27599142597440485,0.3962376359269463,0.327770938098649
3754149,2016-05-15,Swansea City,Manchester City,1,1,draw,-0.2814403548333333,0.2291592034218013,-4.118071275126681,home_win,0.42468736812686103,0.3093538114426364,0.2659588204305025
3754199,2016-05-15,Stoke City,West Ham United,2,1,home_win,-1.1889401519999998,-7.883444435444261,3.3066464477629225,home_loss,0.16594558686540997,0.32203895645863223,0.5120154566759578
3754229,2016-05-15,Chelsea,Leicester City,1,1,draw,-1.06854992695,-1.961376788126877,-4.549157703423312,home_loss,0.2705325258148837,0.3360709452081444,0.3933965289769719
3754308,2016-05-15,Watford,Sunderland,2,2,draw,-0.03064634556666679,-6.197611553761718,-0.9495813398611475,home_win,0.37863924908073326,0.3680158254958722,0.2533449254233945
3754333,2016-05-15,Newcastle United,Tottenham Hotspur,5,1,home_win,-1.4363806003333335,-1.010007480040528,5.982190760170809,home_loss,0.15168841667581395,0.2151512932384805,0.6331602900857056
3754159,2016-05-17,Manchester United,AFC Bournemouth,3,1,home_win,-0.10023757866666638,0.53248743733824,-6.552086182880458,home_win,0.4784294421603516,0.3114914470636063,0.210079110776042
